Código;Nome do cargo na Pesquisa;Regiăo;Segmento;Data;;;;;;;;;;;;;;;;
258;Administrador;Nacional;TI;2025;;;;;;;;;;;;;;;;
5;Administrador de Redes;Nacional;TI;2025;;;;;;;;;;;;;;;;
9;Advogado;Nacional;TI;2025;;;;;;;;;;;;;;;;
433;Agile Coach;Nacional;TI;2025;;;;;;;;;;;;;;;;
203;Almoxarife;Nacional;TI;2025;;;;;;;;;;;;;;;;
13;Analista Administrativo;Nacional;TI;2025;;;;;;;;;;;;;;;;
476;Analista Business Partner;Nacional;TI;2025;;;;;;;;;;;;;;;;
19;Analista Comercial;Nacional;TI;2025;;;;;;;;;;;;;;;;
21;Analista Contábil Fiscal;Nacional;TI;2025;;;;;;;;;;;;;;;;
361;Analista de Assistęncia Técnica;Nacional;TI;2025;;;;;;;;;;;;;;;;
25;Analista de Atendimento e Suporte;Nacional;TI;2025;;;;;;;;;;;;;;;;
82;Analista de Banco de Dados;Nacional;TI;2025;;;;;;;;;;;;;;;;
434;Analista de BI;Nacional;TI;2025;;;;;;;;;;;;;;;;
896;Analista de Chatbot;Nacional;TI;2025;;;;;;;;;;;;;;;;
367;Analista de Comércio Exterior;Nacional;TI;2025;;;;;;;;;;;;;;;;
136;Analista de Compras;Nacional;TI;2025;;;;;;;;;;;;;;;;
23;Analista de Comunicaçăo;Nacional;TI;2025;;;;;;;;;;;;;;;;
840;Analista de Conteúdo;Nacional;TI;2025;;;;;;;;;;;;;;;;
24;Analista de Contratos;Nacional;TI;2025;;;;;;;;;;;;;;;;
26;Analista de Controladoria;Nacional;TI;2025;;;;;;;;;;;;;;;;
1017;Analista de Customer Service (CX);Nacional;TI;2025;;;;;;;;;;;;;;;;
435;Analista de Dados;Nacional;TI;2025;;;;;;;;;;;;;;;;
28;Analista de Departamento Pessoal;Nacional;TI;2025;;;;;;;;;;;;;;;;
11;Analista de Documentaçăo;Nacional;TI;2025;;;;;;;;;;;;;;;;
829;Analista de E-commerce;Nacional;TI;2025;;;;;;;;;;;;;;;;
366;Analista de Eventos;Nacional;TI;2025;;;;;;;;;;;;;;;;
368;Analista de Faturamento;Nacional;TI;2025;;;;;;;;;;;;;;;;
1077;Analista de Geoprocessamento;Nacional;TI;2025;;;;;;;;;;;;;;;;
989;Analista de Gerenciamento de Riscos e Compliance;Nacional;TI;2025;;;;;;;;;;;;;;;;
1185;Analista de Gestăo do Conhecimento;Nacional;TI;2025;;;;;;;;;;;;;;;;
1118;Analista de Governança;Nacional;TI;2025;;;;;;;;;;;;;;;;
900;Analista de Growth Hacking;Nacional;TI;2025;;;;;;;;;;;;;;;;
1021;Analista de Growth Product;Nacional;TI;2025;;;;;;;;;;;;;;;;
436;Analista de Implantaçăo e Configuraçăo;Nacional;TI;2025;;;;;;;;;;;;;;;;
15;Analista de Infraestrutura de TI;Nacional;TI;2025;;;;;;;;;;;;;;;;
437;Analista de Inovaçăo;Nacional;TI;2025;;;;;;;;;;;;;;;;
1076;Analista de Integraçőes;Nacional;TI;2025;;;;;;;;;;;;;;;;
1007;Analista de Inteligęncia Artificial;Nacional;TI;2025;;;;;;;;;;;;;;;;
371;Analista de Inteligęncia de Mercado;Nacional;TI;2025;;;;;;;;;;;;;;;;
37;Analista de Logística;Nacional;TI;2025;;;;;;;;;;;;;;;;
42;Analista de Marketing;Nacional;TI;2025;;;;;;;;;;;;;;;;
370;Analista de Marketing Digital;Nacional;TI;2025;;;;;;;;;;;;;;;;
45;Analista de Mídias Sociais;Nacional;TI;2025;;;;;;;;;;;;;;;;
46;Analista de Negócios;Nacional;TI;2025;;;;;;;;;;;;;;;;
306;Analista de Operaçőes;Nacional;TI;2025;;;;;;;;;;;;;;;;
1113;Analista de Parcerias;Nacional;TI;2025;;;;;;;;;;;;;;;;
17;Analista de Pesquisa e Desenvolvimento P&D;Nacional;TI;2025;;;;;;;;;;;;;;;;
190;Analista de Planejamento Financeiro;Nacional;TI;2025;;;;;;;;;;;;;;;;
372;Analista de PMO;Nacional;TI;2025;;;;;;;;;;;;;;;;
438;Analista de Pré-vendas (SDR);Nacional;TI;2025;;;;;;;;;;;;;;;;
898;Analista de Prevençăo ŕ Fraude;Nacional;TI;2025;;;;;;;;;;;;;;;;
1015;Analista de Product Marketing (PMM);Nacional;TI;2025;;;;;;;;;;;;;;;;
375;Analista de Produto;Nacional;TI;2025;;;;;;;;;;;;;;;;
18;Analista de Projetos;Nacional;TI;2025;;;;;;;;;;;;;;;;
439;Analista de Prospecçăo (BDR);Nacional;TI;2025;;;;;;;;;;;;;;;;
50;Analista de Qualidade e Processos;Nacional;TI;2025;;;;;;;;;;;;;;;;
359;Analista de Recrutamento e Seleçăo;Nacional;TI;2025;;;;;;;;;;;;;;;;
52;Analista de Recursos Humanos;Nacional;TI;2025;;;;;;;;;;;;;;;;
376;Analista de Relacionamento;Nacional;TI;2025;;;;;;;;;;;;;;;;
362;Analista de Remuneraçăo e Benefícios;Nacional;TI;2025;;;;;;;;;;;;;;;;
796;Analista de Requisitos;Nacional;TI;2025;;;;;;;;;;;;;;;;
894;Analista de Sales Ops;Nacional;TI;2025;;;;;;;;;;;;;;;;
889;Analista de Segurança da Informaçăo;Nacional;TI;2025;;;;;;;;;;;;;;;;
22;Analista de Sistemas;Nacional;TI;2025;;;;;;;;;;;;;;;;
1009;Analista de SRE;Nacional;TI;2025;;;;;;;;;;;;;;;;
1117;Analista de Sustentabilidade;Nacional;TI;2025;;;;;;;;;;;;;;;;
30;Analista de Tecnologia da Informaçăo;Nacional;TI;2025;;;;;;;;;;;;;;;;
29;Analista de Testes (Qualidade em TI);Nacional;TI;2025;;;;;;;;;;;;;;;;
379;Analista de Treinamento e Desenvolvimento;Nacional;TI;2025;;;;;;;;;;;;;;;;
177;Analista Educacional;Nacional;TI;2025;;;;;;;;;;;;;;;;
16;Analista Financeiro;Nacional;TI;2025;;;;;;;;;;;;;;;;
381;Analista Jurídico;Nacional;TI;2025;;;;;;;;;;;;;;;;
133;Arquiteto de Software;Nacional;TI;2025;;;;;;;;;;;;;;;;
59;Assistente Administrativo;Nacional;TI;2025;;;;;;;;;;;;;;;;
62;Assistente Comercial;Nacional;TI;2025;;;;;;;;;;;;;;;;
273;Assistente Contábil Fiscal;Nacional;TI;2025;;;;;;;;;;;;;;;;
835;Assistente de Assistęncia Técnica;Nacional;TI;2025;;;;;;;;;;;;;;;;
319;Assistente de Atendimento e Suporte;Nacional;TI;2025;;;;;;;;;;;;;;;;
489;Assistente de Comércio Exterior;Nacional;TI;2025;;;;;;;;;;;;;;;;
67;Assistente de Compras;Nacional;TI;2025;;;;;;;;;;;;;;;;
839;Assistente de Conteúdo;Nacional;TI;2025;;;;;;;;;;;;;;;;
129;Assistente de Contratos;Nacional;TI;2025;;;;;;;;;;;;;;;;
1068;Assistente de Customer Experience;Nacional;TI;2025;;;;;;;;;;;;;;;;
68;Assistente de Departamento Pessoal;Nacional;TI;2025;;;;;;;;;;;;;;;;
1112;Assistente de Design;Nacional;TI;2025;;;;;;;;;;;;;;;;
828;Assistente de E-commerce;Nacional;TI;2025;;;;;;;;;;;;;;;;
990;Assistente de Gerenciamento de Riscos e Compliance;Nacional;TI;2025;;;;;;;;;;;;;;;;
440;Assistente de Implantaçăo e Configuraçăo;Nacional;TI;2025;;;;;;;;;;;;;;;;
69;Assistente de Infraestrutura de TI;Nacional;TI;2025;;;;;;;;;;;;;;;;
1006;Assistente de Inteligęncia Artificial;Nacional;TI;2025;;;;;;;;;;;;;;;;
550;Assistente de Inteligęncia de Mercado;Nacional;TI;2025;;;;;;;;;;;;;;;;
70;Assistente de Logística;Nacional;TI;2025;;;;;;;;;;;;;;;;
71;Assistente de Marketing;Nacional;TI;2025;;;;;;;;;;;;;;;;
577;Assistente de Marketing Digital;Nacional;TI;2025;;;;;;;;;;;;;;;;
581;Assistente de Negócios;Nacional;TI;2025;;;;;;;;;;;;;;;;
309;Assistente de Operaçőes;Nacional;TI;2025;;;;;;;;;;;;;;;;
341;Assistente de Planejamento Financeiro;Nacional;TI;2025;;;;;;;;;;;;;;;;
441;Assistente de Pré-vendas (SDR);Nacional;TI;2025;;;;;;;;;;;;;;;;
616;Assistente de Produto;Nacional;TI;2025;;;;;;;;;;;;;;;;
795;Assistente de Programaçăo;Nacional;TI;2025;;;;;;;;;;;;;;;;
74;Assistente de Projetos;Nacional;TI;2025;;;;;;;;;;;;;;;;
292;Assistente de Prospecçăo (BDR);Nacional;TI;2025;;;;;;;;;;;;;;;;
75;Assistente de Qualidade e Processos;Nacional;TI;2025;;;;;;;;;;;;;;;;
634;Assistente de Recrutamento e Seleçăo;Nacional;TI;2025;;;;;;;;;;;;;;;;
77;Assistente de Recursos Humanos;Nacional;TI;2025;;;;;;;;;;;;;;;;
442;Assistente de Relacionamento;Nacional;TI;2025;;;;;;;;;;;;;;;;
888;Assistente de Segurança da Informaçăo;Nacional;TI;2025;;;;;;;;;;;;;;;;
31;Assistente de Tecnologia da Informaçăo;Nacional;TI;2025;;;;;;;;;;;;;;;;
443;Assistente de Testes (Qualidade em TI);Nacional;TI;2025;;;;;;;;;;;;;;;;
761;Assistente de Treinamento e Desenvolvimento;Nacional;TI;2025;;;;;;;;;;;;;;;;
79;Assistente Financeiro;Nacional;TI;2025;;;;;;;;;;;;;;;;
80;Assistente Jurídico;Nacional;TI;2025;;;;;;;;;;;;;;;;
117;Atendente de Recepçăo;Nacional;TI;2025;;;;;;;;;;;;;;;;
83;Auxiliar Administrativo;Nacional;TI;2025;;;;;;;;;;;;;;;;
91;Auxiliar de Serviços Gerais;Nacional;TI;2025;;;;;;;;;;;;;;;;
456;CEO;Nacional;TI;2025;;;;;;;;;;;;;;;;
444;Cientista de Dados;Nacional;TI;2025;;;;;;;;;;;;;;;;
93;Comprador;Nacional;TI;2025;;;;;;;;;;;;;;;;
285;Consultor Comercial;Nacional;TI;2025;;;;;;;;;;;;;;;;
40;Consultor de Atendimento e Suporte;Nacional;TI;2025;;;;;;;;;;;;;;;;
156;Consultor de Implantaçăo e Configuraçăo;Nacional;TI;2025;;;;;;;;;;;;;;;;
149;Consultor de Negócios;Nacional;TI;2025;;;;;;;;;;;;;;;;
33;Consultor de TI;Nacional;TI;2025;;;;;;;;;;;;;;;;
94;Contador;Nacional;TI;2025;;;;;;;;;;;;;;;;
95;Controller;Nacional;TI;2025;;;;;;;;;;;;;;;;
39;Coordenador Administrativo;Nacional;TI;2025;;;;;;;;;;;;;;;;
477;Coordenador Business Partner;Nacional;TI;2025;;;;;;;;;;;;;;;;
41;Coordenador Comercial;Nacional;TI;2025;;;;;;;;;;;;;;;;
274;Coordenador Contábil Fiscal;Nacional;TI;2025;;;;;;;;;;;;;;;;
836;Coordenador de Assistęncia Técnica;Nacional;TI;2025;;;;;;;;;;;;;;;;
47;Coordenador de Atendimento e Suporte;Nacional;TI;2025;;;;;;;;;;;;;;;;
134;Coordenador de Banco de Dados;Nacional;TI;2025;;;;;;;;;;;;;;;;
899;Coordenador de BI;Nacional;TI;2025;;;;;;;;;;;;;;;;
491;Coordenador de Comércio Exterior;Nacional;TI;2025;;;;;;;;;;;;;;;;
137;Coordenador de Compras;Nacional;TI;2025;;;;;;;;;;;;;;;;
841;Coordenador de Conteúdo;Nacional;TI;2025;;;;;;;;;;;;;;;;
445;Coordenador de Contratos;Nacional;TI;2025;;;;;;;;;;;;;;;;
123;Coordenador de Controladoria;Nacional;TI;2025;;;;;;;;;;;;;;;;
1067;Coordenador de Customer Experience;Nacional;TI;2025;;;;;;;;;;;;;;;;
126;Coordenador de Departamento Pessoal;Nacional;TI;2025;;;;;;;;;;;;;;;;
73;Coordenador de Desenvolvimento;Nacional;TI;2025;;;;;;;;;;;;;;;;
1073;Coordenador de Designer;Nacional;TI;2025;;;;;;;;;;;;;;;;
831;Coordenador de E-commerce;Nacional;TI;2025;;;;;;;;;;;;;;;;
988;Coordenador de Gerenciamento de Riscos e Compliance;Nacional;TI;2025;;;;;;;;;;;;;;;;
1119;Coordenador de Governança;Nacional;TI;2025;;;;;;;;;;;;;;;;
1058;Coordenador de Growth Hacking;Nacional;TI;2025;;;;;;;;;;;;;;;;
1023;Coordenador de Growth Product;Nacional;TI;2025;;;;;;;;;;;;;;;;
459;Coordenador de Implantaçăo e Configuraçăo;Nacional;TI;2025;;;;;;;;;;;;;;;;
132;Coordenador de Infraestrutura de TI;Nacional;TI;2025;;;;;;;;;;;;;;;;
1008;Coordenador de Inteligęncia Artificial;Nacional;TI;2025;;;;;;;;;;;;;;;;
552;Coordenador de Inteligęncia de Mercado;Nacional;TI;2025;;;;;;;;;;;;;;;;
567;Coordenador de Logística;Nacional;TI;2025;;;;;;;;;;;;;;;;
56;Coordenador de Marketing;Nacional;TI;2025;;;;;;;;;;;;;;;;
395;Coordenador de Marketing Digital;Nacional;TI;2025;;;;;;;;;;;;;;;;
167;Coordenador de Negócios;Nacional;TI;2025;;;;;;;;;;;;;;;;
295;Coordenador de Operaçőes;Nacional;TI;2025;;;;;;;;;;;;;;;;
78;Coordenador de Pesquisa e Desenvolvimento P&D;Nacional;TI;2025;;;;;;;;;;;;;;;;
597;Coordenador de Planejamento Financeiro;Nacional;TI;2025;;;;;;;;;;;;;;;;
446;Coordenador de PMO;Nacional;TI;2025;;;;;;;;;;;;;;;;
447;Coordenador de Pré-vendas;Nacional;TI;2025;;;;;;;;;;;;;;;;
302;Coordenador de Prevençăo ŕ Fraude;Nacional;TI;2025;;;;;;;;;;;;;;;;
396;Coordenador de Produçăo;Nacional;TI;2025;;;;;;;;;;;;;;;;
305;Coordenador de Produto;Nacional;TI;2025;;;;;;;;;;;;;;;;
97;Coordenador de Projetos;Nacional;TI;2025;;;;;;;;;;;;;;;;
303;Coordenador de Prospecçăo;Nacional;TI;2025;;;;;;;;;;;;;;;;
120;Coordenador de Qualidade e Processos;Nacional;TI;2025;;;;;;;;;;;;;;;;
636;Coordenador de Recrutamento e Seleçăo;Nacional;TI;2025;;;;;;;;;;;;;;;;
121;Coordenador de Recursos Humanos;Nacional;TI;2025;;;;;;;;;;;;;;;;
448;Coordenador de Relacionamento;Nacional;TI;2025;;;;;;;;;;;;;;;;
1078;Coordenador de Sales Ops;Nacional;TI;2025;;;;;;;;;;;;;;;;
890;Coordenador de Segurança da Informaçăo;Nacional;TI;2025;;;;;;;;;;;;;;;;
1011;Coordenador de SRE;Nacional;TI;2025;;;;;;;;;;;;;;;;
76;Coordenador de Tecnologia da Informaçăo;Nacional;TI;2025;;;;;;;;;;;;;;;;
397;Coordenador de Testes (Qualidade em TI);Nacional;TI;2025;;;;;;;;;;;;;;;;
763;Coordenador de Treinamento e Desenvolvimento;Nacional;TI;2025;;;;;;;;;;;;;;;;
122;Coordenador Financeiro;Nacional;TI;2025;;;;;;;;;;;;;;;;
131;Coordenador Jurídico;Nacional;TI;2025;;;;;;;;;;;;;;;;
321;Copeiro;Nacional;TI;2025;;;;;;;;;;;;;;;;
1;Desenvolvedor;Nacional;TI;2025;;;;;;;;;;;;;;;;
842;Desenvolvedor Back-end;Nacional;TI;2025;;;;;;;;;;;;;;;;
1064;Desenvolvedor de Jogos Digitais;Nacional;TI;2025;;;;;;;;;;;;;;;;
10;Desenvolvedor Front-end;Nacional;TI;2025;;;;;;;;;;;;;;;;
843;Desenvolvedor Mobile;Nacional;TI;2025;;;;;;;;;;;;;;;;
399;Designer;Nacional;TI;2025;;;;;;;;;;;;;;;;
146;Designer Instrucional;Nacional;TI;2025;;;;;;;;;;;;;;;;
449;DevOps;Nacional;TI;2025;;;;;;;;;;;;;;;;
99;Diretor Administrativo;Nacional;TI;2025;;;;;;;;;;;;;;;;
100;Diretor Comercial;Nacional;TI;2025;;;;;;;;;;;;;;;;
331;Diretor de Arte;Nacional;TI;2025;;;;;;;;;;;;;;;;
1070;Diretor de Dados;Nacional;TI;2025;;;;;;;;;;;;;;;;
102;Diretor de Marketing;Nacional;TI;2025;;;;;;;;;;;;;;;;
153;Diretor de Negócios;Nacional;TI;2025;;;;;;;;;;;;;;;;
198;Diretor de Operaçőes;Nacional;TI;2025;;;;;;;;;;;;;;;;
620;Diretor de Produto;Nacional;TI;2025;;;;;;;;;;;;;;;;
128;Diretor de Projetos;Nacional;TI;2025;;;;;;;;;;;;;;;;
103;Diretor de Recursos Humanos;Nacional;TI;2025;;;;;;;;;;;;;;;;
601;Diretor de Relacionamento;Nacional;TI;2025;;;;;;;;;;;;;;;;
1071;Diretor de Segurança da Informaçăo;Nacional;TI;2025;;;;;;;;;;;;;;;;
402;Diretor de Serviços;Nacional;TI;2025;;;;;;;;;;;;;;;;
400;Diretor de Tecnologia;Nacional;TI;2025;;;;;;;;;;;;;;;;
125;Diretor Financeiro;Nacional;TI;2025;;;;;;;;;;;;;;;;
557;Diretor Jurídico;Nacional;TI;2025;;;;;;;;;;;;;;;;
1014;DPO (Data Protection Officer);Nacional;TI;2025;;;;;;;;;;;;;;;;
1121;Engenheiro de Confiabilidade de Banco de Dados;Nacional;TI;2025;;;;;;;;;;;;;;;;
404;Engenheiro de Controle e Automaçăo;Nacional;TI;2025;;;;;;;;;;;;;;;;
1005;Engenheiro de Dados;Nacional;TI;2025;;;;;;;;;;;;;;;;
1114;Engenheiro de Inteligęncia Artificial;Nacional;TI;2025;;;;;;;;;;;;;;;;
1115;Engenheiro de Segurança da Informaçăo;Nacional;TI;2025;;;;;;;;;;;;;;;;
145;Engenheiro de Software;Nacional;TI;2025;;;;;;;;;;;;;;;;
338;Estagiário Administrativo;Nacional;TI;2025;;;;;;;;;;;;;;;;
425;Estagiário em TI;Nacional;TI;2025;;;;;;;;;;;;;;;;
105;Executivo de Contas;Nacional;TI;2025;;;;;;;;;;;;;;;;
106;Gerente Administrativo;Nacional;TI;2025;;;;;;;;;;;;;;;;
479;Gerente Business Partner;Nacional;TI;2025;;;;;;;;;;;;;;;;
107;Gerente Comercial;Nacional;TI;2025;;;;;;;;;;;;;;;;
110;Gerente Contábil Fiscal;Nacional;TI;2025;;;;;;;;;;;;;;;;
49;Gerente de Atendimento e Suporte;Nacional;TI;2025;;;;;;;;;;;;;;;;
895;Gerente de Banco de Dados;Nacional;TI;2025;;;;;;;;;;;;;;;;
1018;Gerente de BI;Nacional;TI;2025;;;;;;;;;;;;;;;;
450;Gerente de Canais;Nacional;TI;2025;;;;;;;;;;;;;;;;
493;Gerente de Comércio Exterior;Nacional;TI;2025;;;;;;;;;;;;;;;;
109;Gerente de Compras;Nacional;TI;2025;;;;;;;;;;;;;;;;
326;Gerente de Conteúdo;Nacional;TI;2025;;;;;;;;;;;;;;;;
353;Gerente de Contratos;Nacional;TI;2025;;;;;;;;;;;;;;;;
111;Gerente de Controladoria;Nacional;TI;2025;;;;;;;;;;;;;;;;
1066;Gerente de Customer Experience;Nacional;TI;2025;;;;;;;;;;;;;;;;
61;Gerente de Desenvolvimento de TI;Nacional;TI;2025;;;;;;;;;;;;;;;;
832;Gerente de E-commerce;Nacional;TI;2025;;;;;;;;;;;;;;;;
1072;Gerente de Entregas;Nacional;TI;2025;;;;;;;;;;;;;;;;
987;Gerente de Gerenciamento de Riscos e Compliance;Nacional;TI;2025;;;;;;;;;;;;;;;;
1120;Gerente de Governança;Nacional;TI;2025;;;;;;;;;;;;;;;;
1059;Gerente de Growth Hacking;Nacional;TI;2025;;;;;;;;;;;;;;;;
1022;Gerente de Growth Product;Nacional;TI;2025;;;;;;;;;;;;;;;;
834;Gerente de Implantaçăo e Configuraçăo;Nacional;TI;2025;;;;;;;;;;;;;;;;
135;Gerente de Infraestrutura de TI;Nacional;TI;2025;;;;;;;;;;;;;;;;
554;Gerente de Inteligęncia de Mercado;Nacional;TI;2025;;;;;;;;;;;;;;;;
112;Gerente de Marketing;Nacional;TI;2025;;;;;;;;;;;;;;;;
579;Gerente de Marketing Digital;Nacional;TI;2025;;;;;;;;;;;;;;;;
451;Gerente de Negócios;Nacional;TI;2025;;;;;;;;;;;;;;;;
311;Gerente de Operaçőes;Nacional;TI;2025;;;;;;;;;;;;;;;;
66;Gerente de Pesquisa e Desenvolvimento P&D;Nacional;TI;2025;;;;;;;;;;;;;;;;
342;Gerente de Planejamento Financeiro;Nacional;TI;2025;;;;;;;;;;;;;;;;
152;Gerente de PMO;Nacional;TI;2025;;;;;;;;;;;;;;;;
455;Gerente de Pré-vendas;Nacional;TI;2025;;;;;;;;;;;;;;;;
613;Gerente de Produçăo;Nacional;TI;2025;;;;;;;;;;;;;;;;
407;Gerente de Produto;Nacional;TI;2025;;;;;;;;;;;;;;;;
1186;Gerente de Produto de Inteligęncia Artificial;Nacional;TI;2025;;;;;;;;;;;;;;;;
65;Gerente de Projetos;Nacional;TI;2025;;;;;;;;;;;;;;;;
108;Gerente de Qualidade e Processos;Nacional;TI;2025;;;;;;;;;;;;;;;;
113;Gerente de Recursos Humanos;Nacional;TI;2025;;;;;;;;;;;;;;;;
408;Gerente de Relacionamento;Nacional;TI;2025;;;;;;;;;;;;;;;;
1116;Gerente de Relaçőes com Investidores;Nacional;TI;2025;;;;;;;;;;;;;;;;
891;Gerente de Segurança da Informaçăo;Nacional;TI;2025;;;;;;;;;;;;;;;;
63;Gerente de Tecnologia da Informaçăo;Nacional;TI;2025;;;;;;;;;;;;;;;;
452;Gerente de Testes (Qualidade em TI);Nacional;TI;2025;;;;;;;;;;;;;;;;
765;Gerente de Treinamento e Desenvolvimento;Nacional;TI;2025;;;;;;;;;;;;;;;;
114;Gerente Financeiro;Nacional;TI;2025;;;;;;;;;;;;;;;;
148;Gerente Jurídico;Nacional;TI;2025;;;;;;;;;;;;;;;;
1060;Inside Sales;Nacional;TI;2025;;;;;;;;;;;;;;;;
1061;Líder de Qualidade e Processos;Nacional;TI;2025;;;;;;;;;;;;;;;;
1016;Líder Técnico;Nacional;TI;2025;;;;;;;;;;;;;;;;
824;Operador de telemarketing;Nacional;TI;2025;;;;;;;;;;;;;;;;
410;Pesquisador;Nacional;TI;2025;;;;;;;;;;;;;;;;
1080;Product Designer;Nacional;TI;2025;;;;;;;;;;;;;;;;
892;Product Owner;Nacional;TI;2025;;;;;;;;;;;;;;;;
833;Produtor Audiovisual;Nacional;TI;2025;;;;;;;;;;;;;;;;
360;Projetista;Nacional;TI;2025;;;;;;;;;;;;;;;;
84;Redator Técnico;Nacional;TI;2025;;;;;;;;;;;;;;;;
893;Scrum Master;Nacional;TI;2025;;;;;;;;;;;;;;;;
3;Secretária Executiva;Nacional;TI;2025;;;;;;;;;;;;;;;;
1062;Team Lead;Nacional;TI;2025;;;;;;;;;;;;;;;;
1063;Tech Recruiter;Nacional;TI;2025;;;;;;;;;;;;;;;;
1057;Técnico de Atendimento e Suporte;Nacional;TI;2025;;;;;;;;;;;;;;;;
453;Técnico de Instalaçăo (Hardware);Nacional;TI;2025;;;;;;;;;;;;;;;;
143;Técnico em Eletrônica;Nacional;TI;2025;;;;;;;;;;;;;;;;
417;Técnico em Eletrotécnica;Nacional;TI;2025;;;;;;;;;;;;;;;;
418;Técnico em Mecânica Industrial;Nacional;TI;2025;;;;;;;;;;;;;;;;
124;Técnico em Segurança do Trabalho;Nacional;TI;2025;;;;;;;;;;;;;;;;
419;Tradutor;Nacional;TI;2025;;;;;;;;;;;;;;;;
1074;UI Designer;Nacional;TI;2025;;;;;;;;;;;;;;;;
1075;UX Designer;Nacional;TI;2025;;;;;;;;;;;;;;;;
454;Vendedor Externo;Nacional;TI;2025;;;;;;;;;;;;;;;;
457;Vice-Presidente;Nacional;TI;2025;;;;;;;;;;;;;;;;
9;Advogado;Nacional;Tęxtil, Confecçăo, Metalúrgica e Logística;2025;;;;;;;;;;;;;;;;
203;Almoxarife;Nacional;Tęxtil, Confecçăo, Metalúrgica e Logística;2025;;;;;;;;;;;;;;;;
13;Analista Administrativo;Nacional;Tęxtil, Confecçăo, Metalúrgica e Logística;2025;;;;;;;;;;;;;;;;
19;Analista Comercial;Nacional;Tęxtil, Confecçăo, Metalúrgica e Logística;2025;;;;;;;;;;;;;;;;
21;Analista Contábil / Fiscal;Nacional;Tęxtil, Confecçăo, Metalúrgica e Logística;2025;;;;;;;;;;;;;;;;
25;Analista de Atendimento e Suporte;Nacional;Tęxtil, Confecçăo, Metalúrgica e Logística;2025;;;;;;;;;;;;;;;;
903;Analista de Cadastro e Regulamentaçăo;Nacional;Tęxtil, Confecçăo, Metalúrgica e Logística;2025;;;;;;;;;;;;;;;;
367;Analista de Comércio Exterior;Nacional;Tęxtil, Confecçăo, Metalúrgica e Logística;2025;;;;;;;;;;;;;;;;
136;Analista de Compras;Nacional;Tęxtil, Confecçăo, Metalúrgica e Logística;2025;;;;;;;;;;;;;;;;
876;Analista de Custos;Nacional;Tęxtil, Confecçăo, Metalúrgica e Logística;2025;;;;;;;;;;;;;;;;
1194;Analista de Custos de Importaçăo/Exportaçăo;Nacional;Tęxtil, Confecçăo, Metalúrgica e Logística;2025;;;;;;;;;;;;;;;;
28;Analista de Departamento Pessoal;Nacional;Tęxtil, Confecçăo, Metalúrgica e Logística;2025;;;;;;;;;;;;;;;;
829;Analista de E-commerce;Nacional;Tęxtil, Confecçăo, Metalúrgica e Logística;2025;;;;;;;;;;;;;;;;
1084;Analista de Encaixe;Nacional;Tęxtil, Confecçăo, Metalúrgica e Logística;2025;;;;;;;;;;;;;;;;
375;Analista de Engenharia de Produto;Nacional;Tęxtil, Confecçăo, Metalúrgica e Logística;2025;;;;;;;;;;;;;;;;
368;Analista de Faturamento;Nacional;Tęxtil, Confecçăo, Metalúrgica e Logística;2025;;;;;;;;;;;;;;;;
1193;Analista de Importaçăo;Nacional;Tęxtil, Confecçăo, Metalúrgica e Logística;2025;;;;;;;;;;;;;;;;
15;Analista de Infraestrutura de TI;Nacional;Tęxtil, Confecçăo, Metalúrgica e Logística;2025;;;;;;;;;;;;;;;;
37;Analista de Logística;Nacional;Tęxtil, Confecçăo, Metalúrgica e Logística;2025;;;;;;;;;;;;;;;;
42;Analista de Marketing;Nacional;Tęxtil, Confecçăo, Metalúrgica e Logística;2025;;;;;;;;;;;;;;;;
193;Analista de Mídia Digital;Nacional;Tęxtil, Confecçăo, Metalúrgica e Logística;2025;;;;;;;;;;;;;;;;
306;Analista de Operaçőes;Nacional;Tęxtil, Confecçăo, Metalúrgica e Logística;2025;;;;;;;;;;;;;;;;
354;Analista de PCP;Nacional;Tęxtil, Confecçăo, Metalúrgica e Logística;2025;;;;;;;;;;;;;;;;
17;Analista de Pesquisa e Desenvolvimento P&D;Nacional;Tęxtil, Confecçăo, Metalúrgica e Logística;2025;;;;;;;;;;;;;;;;
993;Analista de Planejamento e Controle de Manutençăo;Nacional;Tęxtil, Confecçăo, Metalúrgica e Logística;2025;;;;;;;;;;;;;;;;
48;Analista de Processos;Nacional;Tęxtil, Confecçăo, Metalúrgica e Logística;2025;;;;;;;;;;;;;;;;
610;Analista de Produçăo;Nacional;Tęxtil, Confecçăo, Metalúrgica e Logística;2025;;;;;;;;;;;;;;;;
18;Analista de Projetos;Nacional;Tęxtil, Confecçăo, Metalúrgica e Logística;2025;;;;;;;;;;;;;;;;
628;Analista de Qualidade;Nacional;Tęxtil, Confecçăo, Metalúrgica e Logística;2025;;;;;;;;;;;;;;;;
52;Analista de RH;Nacional;Tęxtil, Confecçăo, Metalúrgica e Logística;2025;;;;;;;;;;;;;;;;
22;Analista de Sistemas;Nacional;Tęxtil, Confecçăo, Metalúrgica e Logística;2025;;;;;;;;;;;;;;;;
1026;Analista de Transportes;Nacional;Tęxtil, Confecçăo, Metalúrgica e Logística;2025;;;;;;;;;;;;;;;;
16;Analista Financeiro;Nacional;Tęxtil, Confecçăo, Metalúrgica e Logística;2025;;;;;;;;;;;;;;;;
381;Analista Jurídico;Nacional;Tęxtil, Confecçăo, Metalúrgica e Logística;2025;;;;;;;;;;;;;;;;
59;Assistente Administrativo;Nacional;Tęxtil, Confecçăo, Metalúrgica e Logística;2025;;;;;;;;;;;;;;;;
62;Assistente Comercial;Nacional;Tęxtil, Confecçăo, Metalúrgica e Logística;2025;;;;;;;;;;;;;;;;
273;Assistente Contábil / Fiscal;Nacional;Tęxtil, Confecçăo, Metalúrgica e Logística;2025;;;;;;;;;;;;;;;;
565;Assistente de Almoxarifado;Nacional;Tęxtil, Confecçăo, Metalúrgica e Logística;2025;;;;;;;;;;;;;;;;
319;Assistente de Atendimento e Suporte;Nacional;Tęxtil, Confecçăo, Metalúrgica e Logística;2025;;;;;;;;;;;;;;;;
902;Assistente de Cadastro e Regulamentaçăo;Nacional;Tęxtil, Confecçăo, Metalúrgica e Logística;2025;;;;;;;;;;;;;;;;
489;Assistente de Comércio Exterior;Nacional;Tęxtil, Confecçăo, Metalúrgica e Logística;2025;;;;;;;;;;;;;;;;
67;Assistente de Compras;Nacional;Tęxtil, Confecçăo, Metalúrgica e Logística;2025;;;;;;;;;;;;;;;;
531;Assistente de Engenharia;Nacional;Tęxtil, Confecçăo, Metalúrgica e Logística;2025;;;;;;;;;;;;;;;;
1196;Assistente de Estilo;Nacional;Tęxtil, Confecçăo, Metalúrgica e Logística;2025;;;;;;;;;;;;;;;;
467;Assistente de Estoque;Nacional;Tęxtil, Confecçăo, Metalúrgica e Logística;2025;;;;;;;;;;;;;;;;
387;Assistente de Faturamento;Nacional;Tęxtil, Confecçăo, Metalúrgica e Logística;2025;;;;;;;;;;;;;;;;
70;Assistente de Logística;Nacional;Tęxtil, Confecçăo, Metalúrgica e Logística;2025;;;;;;;;;;;;;;;;
1083;Assistente de Manutençăo;Nacional;Tęxtil, Confecçăo, Metalúrgica e Logística;2025;;;;;;;;;;;;;;;;
71;Assistente de Marketing;Nacional;Tęxtil, Confecçăo, Metalúrgica e Logística;2025;;;;;;;;;;;;;;;;
388;Assistente de PCP;Nacional;Tęxtil, Confecçăo, Metalúrgica e Logística;2025;;;;;;;;;;;;;;;;
594;Assistente de Pesquisa e Desenvolvimento P&D;Nacional;Tęxtil, Confecçăo, Metalúrgica e Logística;2025;;;;;;;;;;;;;;;;
616;Assistente de Produto;Nacional;Tęxtil, Confecçăo, Metalúrgica e Logística;2025;;;;;;;;;;;;;;;;
629;Assistente de Qualidade;Nacional;Tęxtil, Confecçăo, Metalúrgica e Logística;2025;;;;;;;;;;;;;;;;
77;Assistente de RH / DP;Nacional;Tęxtil, Confecçăo, Metalúrgica e Logística;2025;;;;;;;;;;;;;;;;
745;Assistente de Transportes;Nacional;Tęxtil, Confecçăo, Metalúrgica e Logística;2025;;;;;;;;;;;;;;;;
79;Assistente Financeiro;Nacional;Tęxtil, Confecçăo, Metalúrgica e Logística;2025;;;;;;;;;;;;;;;;
80;Assistente Jurídico;Nacional;Tęxtil, Confecçăo, Metalúrgica e Logística;2025;;;;;;;;;;;;;;;;
389;Assistente Técnico de Vendas;Nacional;Tęxtil, Confecçăo, Metalúrgica e Logística;2025;;;;;;;;;;;;;;;;
83;Auxiliar Administrativo;Nacional;Tęxtil, Confecçăo, Metalúrgica e Logística;2025;;;;;;;;;;;;;;;;
392;Auxiliar de Almoxarifado;Nacional;Tęxtil, Confecçăo, Metalúrgica e Logística;2025;;;;;;;;;;;;;;;;
495;Auxiliar de Compras;Nacional;Tęxtil, Confecçăo, Metalúrgica e Logística;2025;;;;;;;;;;;;;;;;
566;Auxiliar de Estoque;Nacional;Tęxtil, Confecçăo, Metalúrgica e Logística;2025;;;;;;;;;;;;;;;;
1053;Auxiliar de Expediçăo;Nacional;Tęxtil, Confecçăo, Metalúrgica e Logística;2025;;;;;;;;;;;;;;;;
1123;Auxiliar de Funilaria;Nacional;Tęxtil, Confecçăo, Metalúrgica e Logística;2025;;;;;;;;;;;;;;;;
798;Auxiliar de Laboratorista Tęxtil;Nacional;Tęxtil, Confecçăo, Metalúrgica e Logística;2025;;;;;;;;;;;;;;;;
88;Auxiliar de Logística;Nacional;Tęxtil, Confecçăo, Metalúrgica e Logística;2025;;;;;;;;;;;;;;;;
861;Auxiliar de Manutençăo;Nacional;Tęxtil, Confecçăo, Metalúrgica e Logística;2025;;;;;;;;;;;;;;;;
393;Auxiliar de Produçăo;Nacional;Tęxtil, Confecçăo, Metalúrgica e Logística;2025;;;;;;;;;;;;;;;;
630;Auxiliar de Qualidade;Nacional;Tęxtil, Confecçăo, Metalúrgica e Logística;2025;;;;;;;;;;;;;;;;
91;Auxiliar de Serviços Gerais;Nacional;Tęxtil, Confecçăo, Metalúrgica e Logística;2025;;;;;;;;;;;;;;;;
1028;Auxiliar de Talhaçăo;Nacional;Tęxtil, Confecçăo, Metalúrgica e Logística;2025;;;;;;;;;;;;;;;;
1085;Auxiliar de Tecelăo;Nacional;Tęxtil, Confecçăo, Metalúrgica e Logística;2025;;;;;;;;;;;;;;;;
996;Auxiliar de Transportes;Nacional;Tęxtil, Confecçăo, Metalúrgica e Logística;2025;;;;;;;;;;;;;;;;
773;Auxiliar de Usinagem;Nacional;Tęxtil, Confecçăo, Metalúrgica e Logística;2025;;;;;;;;;;;;;;;;
221;Auxiliar Técnico;Nacional;Tęxtil, Confecçăo, Metalúrgica e Logística;2025;;;;;;;;;;;;;;;;
1188;Auxiliar Vistoriador;Nacional;Tęxtil, Confecçăo, Metalúrgica e Logística;2025;;;;;;;;;;;;;;;;
818;Carregador de Fios;Nacional;Tęxtil, Confecçăo, Metalúrgica e Logística;2025;;;;;;;;;;;;;;;;
456;CEO;Nacional;Tęxtil, Confecçăo, Metalúrgica e Logística;2025;;;;;;;;;;;;;;;;
800;Colorista Tęxtil;Nacional;Tęxtil, Confecçăo, Metalúrgica e Logística;2025;;;;;;;;;;;;;;;;
93;Comprador;Nacional;Tęxtil, Confecçăo, Metalúrgica e Logística;2025;;;;;;;;;;;;;;;;
955;Conferente;Nacional;Tęxtil, Confecçăo, Metalúrgica e Logística;2025;;;;;;;;;;;;;;;;
94;Contador;Nacional;Tęxtil, Confecçăo, Metalúrgica e Logística;2025;;;;;;;;;;;;;;;;
877;Controlador de Produçăo;Nacional;Tęxtil, Confecçăo, Metalúrgica e Logística;2025;;;;;;;;;;;;;;;;
95;Controller;Nacional;Tęxtil, Confecçăo, Metalúrgica e Logística;2025;;;;;;;;;;;;;;;;
41;Coordenador Comercial;Nacional;Tęxtil, Confecçăo, Metalúrgica e Logística;2025;;;;;;;;;;;;;;;;
279;Coordenador Contábil / Fiscal;Nacional;Tęxtil, Confecçăo, Metalúrgica e Logística;2025;;;;;;;;;;;;;;;;
47;Coordenador de Atendimento e Suporte;Nacional;Tęxtil, Confecçăo, Metalúrgica e Logística;2025;;;;;;;;;;;;;;;;
491;Coordenador de Comércio Exterior;Nacional;Tęxtil, Confecçăo, Metalúrgica e Logística;2025;;;;;;;;;;;;;;;;
768;Coordenador de Laboratório;Nacional;Tęxtil, Confecçăo, Metalúrgica e Logística;2025;;;;;;;;;;;;;;;;
567;Coordenador de Logística;Nacional;Tęxtil, Confecçăo, Metalúrgica e Logística;2025;;;;;;;;;;;;;;;;
56;Coordenador de Marketing;Nacional;Tęxtil, Confecçăo, Metalúrgica e Logística;2025;;;;;;;;;;;;;;;;
864;Coordenador de PCP;Nacional;Tęxtil, Confecçăo, Metalúrgica e Logística;2025;;;;;;;;;;;;;;;;
631;Coordenador de Qualidade;Nacional;Tęxtil, Confecçăo, Metalúrgica e Logística;2025;;;;;;;;;;;;;;;;
121;Coordenador de RH / DP;Nacional;Tęxtil, Confecçăo, Metalúrgica e Logística;2025;;;;;;;;;;;;;;;;
1044;Coordenador de Transportes;Nacional;Tęxtil, Confecçăo, Metalúrgica e Logística;2025;;;;;;;;;;;;;;;;
1041;Coordenador de Unidade de Distribuiçăo;Nacional;Tęxtil, Confecçăo, Metalúrgica e Logística;2025;;;;;;;;;;;;;;;;
122;Coordenador Financeiro;Nacional;Tęxtil, Confecçăo, Metalúrgica e Logística;2025;;;;;;;;;;;;;;;;
131;Coordenador Jurídico;Nacional;Tęxtil, Confecçăo, Metalúrgica e Logística;2025;;;;;;;;;;;;;;;;
612;Costureira;Nacional;Tęxtil, Confecçăo, Metalúrgica e Logística;2025;;;;;;;;;;;;;;;;
1090;Costureira de Conserto;Nacional;Tęxtil, Confecçăo, Metalúrgica e Logística;2025;;;;;;;;;;;;;;;;
1089;Costureira Pilotista;Nacional;Tęxtil, Confecçăo, Metalúrgica e Logística;2025;;;;;;;;;;;;;;;;
1086;Cronoanalista;Nacional;Tęxtil, Confecçăo, Metalúrgica e Logística;2025;;;;;;;;;;;;;;;;
1;Desenvolvedor;Nacional;Tęxtil, Confecçăo, Metalúrgica e Logística;2025;;;;;;;;;;;;;;;;
884;Designer de Produto;Nacional;Tęxtil, Confecçăo, Metalúrgica e Logística;2025;;;;;;;;;;;;;;;;
1190;Despachante Aduaneiro;Nacional;Tęxtil, Confecçăo, Metalúrgica e Logística;2025;;;;;;;;;;;;;;;;
99;Diretor Administrativo;Nacional;Tęxtil, Confecçăo, Metalúrgica e Logística;2025;;;;;;;;;;;;;;;;
100;Diretor Comercial;Nacional;Tęxtil, Confecçăo, Metalúrgica e Logística;2025;;;;;;;;;;;;;;;;
492;Diretor de Comércio Exterior;Nacional;Tęxtil, Confecçăo, Metalúrgica e Logística;2025;;;;;;;;;;;;;;;;
101;Diretor de Logística;Nacional;Tęxtil, Confecçăo, Metalúrgica e Logística;2025;;;;;;;;;;;;;;;;
102;Diretor de Marketing;Nacional;Tęxtil, Confecçăo, Metalúrgica e Logística;2025;;;;;;;;;;;;;;;;
198;Diretor de Operaçőes;Nacional;Tęxtil, Confecçăo, Metalúrgica e Logística;2025;;;;;;;;;;;;;;;;
620;Diretor de Produto;Nacional;Tęxtil, Confecçăo, Metalúrgica e Logística;2025;;;;;;;;;;;;;;;;
1195;Diretor de Transportes;Nacional;Tęxtil, Confecçăo, Metalúrgica e Logística;2025;;;;;;;;;;;;;;;;
218;Eletricista;Nacional;Tęxtil, Confecçăo, Metalúrgica e Logística;2025;;;;;;;;;;;;;;;;
871;Embalador;Nacional;Tęxtil, Confecçăo, Metalúrgica e Logística;2025;;;;;;;;;;;;;;;;
1029;Encarregado de Costura;Nacional;Tęxtil, Confecçăo, Metalúrgica e Logística;2025;;;;;;;;;;;;;;;;
1052;Encarregado de Estoque;Nacional;Tęxtil, Confecçăo, Metalúrgica e Logística;2025;;;;;;;;;;;;;;;;
820;Encarregado de Manutençăo;Nacional;Tęxtil, Confecçăo, Metalúrgica e Logística;2025;;;;;;;;;;;;;;;;
355;Encarregado de Produçăo;Nacional;Tęxtil, Confecçăo, Metalúrgica e Logística;2025;;;;;;;;;;;;;;;;
1087;Enfestador;Nacional;Tęxtil, Confecçăo, Metalúrgica e Logística;2025;;;;;;;;;;;;;;;;
344;Engenheiro de P&D;Nacional;Tęxtil, Confecçăo, Metalúrgica e Logística;2025;;;;;;;;;;;;;;;;
957;Entregador;Nacional;Tęxtil, Confecçăo, Metalúrgica e Logística;2025;;;;;;;;;;;;;;;;
621;Estilista;Nacional;Tęxtil, Confecçăo, Metalúrgica e Logística;2025;;;;;;;;;;;;;;;;
468;Estoquista;Nacional;Tęxtil, Confecçăo, Metalúrgica e Logística;2025;;;;;;;;;;;;;;;;
105;Executivo de Contas;Nacional;Tęxtil, Confecçăo, Metalúrgica e Logística;2025;;;;;;;;;;;;;;;;
406;Expedidor;Nacional;Tęxtil, Confecçăo, Metalúrgica e Logística;2025;;;;;;;;;;;;;;;;
872;Ferramenteiro;Nacional;Tęxtil, Confecçăo, Metalúrgica e Logística;2025;;;;;;;;;;;;;;;;
1122;Funileiro;Nacional;Tęxtil, Confecçăo, Metalúrgica e Logística;2025;;;;;;;;;;;;;;;;
106;Gerente Administrativo;Nacional;Tęxtil, Confecçăo, Metalúrgica e Logística;2025;;;;;;;;;;;;;;;;
107;Gerente Comercial;Nacional;Tęxtil, Confecçăo, Metalúrgica e Logística;2025;;;;;;;;;;;;;;;;
49;Gerente de Atendimento e Suporte;Nacional;Tęxtil, Confecçăo, Metalúrgica e Logística;2025;;;;;;;;;;;;;;;;
493;Gerente de Comércio Exterior;Nacional;Tęxtil, Confecçăo, Metalúrgica e Logística;2025;;;;;;;;;;;;;;;;
109;Gerente de Compras;Nacional;Tęxtil, Confecçăo, Metalúrgica e Logística;2025;;;;;;;;;;;;;;;;
135;Gerente de Infraestrutura de TI;Nacional;Tęxtil, Confecçăo, Metalúrgica e Logística;2025;;;;;;;;;;;;;;;;
569;Gerente de Logística;Nacional;Tęxtil, Confecçăo, Metalúrgica e Logística;2025;;;;;;;;;;;;;;;;
464;Gerente de Loja;Nacional;Tęxtil, Confecçăo, Metalúrgica e Logística;2025;;;;;;;;;;;;;;;;
112;Gerente de Marketing;Nacional;Tęxtil, Confecçăo, Metalúrgica e Logística;2025;;;;;;;;;;;;;;;;
311;Gerente de Operaçőes;Nacional;Tęxtil, Confecçăo, Metalúrgica e Logística;2025;;;;;;;;;;;;;;;;
66;Gerente de Pesquisa e Desenvolvimento P&D;Nacional;Tęxtil, Confecçăo, Metalúrgica e Logística;2025;;;;;;;;;;;;;;;;
613;Gerente de Produçăo;Nacional;Tęxtil, Confecçăo, Metalúrgica e Logística;2025;;;;;;;;;;;;;;;;
407;Gerente de Produto;Nacional;Tęxtil, Confecçăo, Metalúrgica e Logística;2025;;;;;;;;;;;;;;;;
632;Gerente de Qualidade;Nacional;Tęxtil, Confecçăo, Metalúrgica e Logística;2025;;;;;;;;;;;;;;;;
113;Gerente de RH / DP;Nacional;Tęxtil, Confecçăo, Metalúrgica e Logística;2025;;;;;;;;;;;;;;;;
1045;Gerente de Transportes;Nacional;Tęxtil, Confecçăo, Metalúrgica e Logística;2025;;;;;;;;;;;;;;;;
114;Gerente Financeiro;Nacional;Tęxtil, Confecçăo, Metalúrgica e Logística;2025;;;;;;;;;;;;;;;;
873;Gerente Industrial;Nacional;Tęxtil, Confecçăo, Metalúrgica e Logística;2025;;;;;;;;;;;;;;;;
148;Gerente Jurídico;Nacional;Tęxtil, Confecçăo, Metalúrgica e Logística;2025;;;;;;;;;;;;;;;;
870;Inspetor de Qualidade;Nacional;Tęxtil, Confecçăo, Metalúrgica e Logística;2025;;;;;;;;;;;;;;;;
1091;Inspetor de Qualidade Externo;Nacional;Tęxtil, Confecçăo, Metalúrgica e Logística;2025;;;;;;;;;;;;;;;;
797;Laboratorista Tęxtil;Nacional;Tęxtil, Confecçăo, Metalúrgica e Logística;2025;;;;;;;;;;;;;;;;
1187;Líder de Armazém;Nacional;Tęxtil, Confecçăo, Metalúrgica e Logística;2025;;;;;;;;;;;;;;;;
968;Líder de Expediçăo;Nacional;Tęxtil, Confecçăo, Metalúrgica e Logística;2025;;;;;;;;;;;;;;;;
1046;Líder de Operaçőes;Nacional;Tęxtil, Confecçăo, Metalúrgica e Logística;2025;;;;;;;;;;;;;;;;
1191;Líder Gate;Nacional;Tęxtil, Confecçăo, Metalúrgica e Logística;2025;;;;;;;;;;;;;;;;
819;Mecânico de Manutençăo de Máquinas;Nacional;Tęxtil, Confecçăo, Metalúrgica e Logística;2025;;;;;;;;;;;;;;;;
1095;Mecânico de Manutençăo Teares;Nacional;Tęxtil, Confecçăo, Metalúrgica e Logística;2025;;;;;;;;;;;;;;;;
623;Modelista;Nacional;Tęxtil, Confecçăo, Metalúrgica e Logística;2025;;;;;;;;;;;;;;;;
356;Montador;Nacional;Tęxtil, Confecçăo, Metalúrgica e Logística;2025;;;;;;;;;;;;;;;;
151;Motorista;Nacional;Tęxtil, Confecçăo, Metalúrgica e Logística;2025;;;;;;;;;;;;;;;;
874;Motorista Carreteiro;Nacional;Tęxtil, Confecçăo, Metalúrgica e Logística;2025;;;;;;;;;;;;;;;;
958;Motorista de Caminhăo;Nacional;Tęxtil, Confecçăo, Metalúrgica e Logística;2025;;;;;;;;;;;;;;;;
769;Operador CNC;Nacional;Tęxtil, Confecçăo, Metalúrgica e Logística;2025;;;;;;;;;;;;;;;;
1109;Operador Conicaleira;Nacional;Tęxtil, Confecçăo, Metalúrgica e Logística;2025;;;;;;;;;;;;;;;;
802;Operador de Calandra;Nacional;Tęxtil, Confecçăo, Metalúrgica e Logística;2025;;;;;;;;;;;;;;;;
886;Operador de Caldeira;Nacional;Tęxtil, Confecçăo, Metalúrgica e Logística;2025;;;;;;;;;;;;;;;;
885;Operador de Centro de Usinagem;Nacional;Tęxtil, Confecçăo, Metalúrgica e Logística;2025;;;;;;;;;;;;;;;;
1096;Operador de Corte de Viés;Nacional;Tęxtil, Confecçăo, Metalúrgica e Logística;2025;;;;;;;;;;;;;;;;
1097;Operador de Embaladeira;Nacional;Tęxtil, Confecçăo, Metalúrgica e Logística;2025;;;;;;;;;;;;;;;;
868;Operador de Empilhadeira;Nacional;Tęxtil, Confecçăo, Metalúrgica e Logística;2025;;;;;;;;;;;;;;;;
1056;Operador de Empilhadeira de Grande Porte;Nacional;Tęxtil, Confecçăo, Metalúrgica e Logística;2025;;;;;;;;;;;;;;;;
1099;Operador de Entrada de Rama;Nacional;Tęxtil, Confecçăo, Metalúrgica e Logística;2025;;;;;;;;;;;;;;;;
875;Operador de estaçăo de tratamento de água e efluentes;Nacional;Tęxtil, Confecçăo, Metalúrgica e Logística;2025;;;;;;;;;;;;;;;;
1101;Operador de Estamparia Digital;Nacional;Tęxtil, Confecçăo, Metalúrgica e Logística;2025;;;;;;;;;;;;;;;;
1055;Operador de Gate;Nacional;Tęxtil, Confecçăo, Metalúrgica e Logística;2025;;;;;;;;;;;;;;;;
1098;Operador de Hidro Extrator;Nacional;Tęxtil, Confecçăo, Metalúrgica e Logística;2025;;;;;;;;;;;;;;;;
1035;Operador de Produtos Abrasivos;Nacional;Tęxtil, Confecçăo, Metalúrgica e Logística;2025;;;;;;;;;;;;;;;;
1000;Operador de Logistica;Nacional;Tęxtil, Confecçăo, Metalúrgica e Logística;2025;;;;;;;;;;;;;;;;
1132;Operador de Maquina de Tęxtil;Nacional;Tęxtil, Confecçăo, Metalúrgica e Logística;2025;;;;;;;;;;;;;;;;
614;Operador de Máquina Prensa Hidráulica e Corte;Nacional;Tęxtil, Confecçăo, Metalúrgica e Logística;2025;;;;;;;;;;;;;;;;
1105;Operador de Mesa Amostra;Nacional;Tęxtil, Confecçăo, Metalúrgica e Logística;2025;;;;;;;;;;;;;;;;
1001;Operador de Produçăo;Nacional;Tęxtil, Confecçăo, Metalúrgica e Logística;2025;;;;;;;;;;;;;;;;
799;Operador de Rama (Rameuse);Nacional;Tęxtil, Confecçăo, Metalúrgica e Logística;2025;;;;;;;;;;;;;;;;
1104;Operador de Saída de Rama;Nacional;Tęxtil, Confecçăo, Metalúrgica e Logística;2025;;;;;;;;;;;;;;;;
1107;Operador de Secador;Nacional;Tęxtil, Confecçăo, Metalúrgica e Logística;2025;;;;;;;;;;;;;;;;
1054;Operador de Transpaleteira;Nacional;Tęxtil, Confecçăo, Metalúrgica e Logística;2025;;;;;;;;;;;;;;;;
1108;Operador de Vaporizador;Nacional;Tęxtil, Confecçăo, Metalúrgica e Logística;2025;;;;;;;;;;;;;;;;
1110;Operador Entrada de Rameta;Nacional;Tęxtil, Confecçăo, Metalúrgica e Logística;2025;;;;;;;;;;;;;;;;
1103;Operador Felpadeira;Nacional;Tęxtil, Confecçăo, Metalúrgica e Logística;2025;;;;;;;;;;;;;;;;
1111;Operador Maquina de Corte;Nacional;Tęxtil, Confecçăo, Metalúrgica e Logística;2025;;;;;;;;;;;;;;;;
1128;Operador Polivalente Industria Tęxtil;Nacional;Tęxtil, Confecçăo, Metalúrgica e Logística;2025;;;;;;;;;;;;;;;;
1106;Operador Saída de Rameta;Nacional;Tęxtil, Confecçăo, Metalúrgica e Logística;2025;;;;;;;;;;;;;;;;
26;Orçamentista;Nacional;Tęxtil, Confecçăo, Metalúrgica e Logística;2025;;;;;;;;;;;;;;;;
1088;Pesador;Nacional;Tęxtil, Confecçăo, Metalúrgica e Logística;2025;;;;;;;;;;;;;;;;
1031;Pintor de Estruturas Metálicas;Nacional;Tęxtil, Confecçăo, Metalúrgica e Logística;2025;;;;;;;;;;;;;;;;
116;Porteiro;Nacional;Tęxtil, Confecçăo, Metalúrgica e Logística;2025;;;;;;;;;;;;;;;;
1032;Preparador de Máquinas-Ferramenta;Nacional;Tęxtil, Confecçăo, Metalúrgica e Logística;2025;;;;;;;;;;;;;;;;
869;Preparador de Tintas;Nacional;Tęxtil, Confecçăo, Metalúrgica e Logística;2025;;;;;;;;;;;;;;;;
1100;Primeiro Operador Estamparia Rotativa;Nacional;Tęxtil, Confecçăo, Metalúrgica e Logística;2025;;;;;;;;;;;;;;;;
771;Programador de Centro de Usinagem;Nacional;Tęxtil, Confecçăo, Metalúrgica e Logística;2025;;;;;;;;;;;;;;;;
770;Programador de Torno CNC;Nacional;Tęxtil, Confecçăo, Metalúrgica e Logística;2025;;;;;;;;;;;;;;;;
774;Projetista Metalúrgico;Nacional;Tęxtil, Confecçăo, Metalúrgica e Logística;2025;;;;;;;;;;;;;;;;
624;Químico;Nacional;Tęxtil, Confecçăo, Metalúrgica e Logística;2025;;;;;;;;;;;;;;;;
1002;Recepcionista;Nacional;Tęxtil, Confecçăo, Metalúrgica e Logística;2025;;;;;;;;;;;;;;;;
329;Revisor;Nacional;Tęxtil, Confecçăo, Metalúrgica e Logística;2025;;;;;;;;;;;;;;;;
1094;Revisor de Malha;Nacional;Tęxtil, Confecçăo, Metalúrgica e Logística;2025;;;;;;;;;;;;;;;;
3;Secretária Executiva;Nacional;Tęxtil, Confecçăo, Metalúrgica e Logística;2025;;;;;;;;;;;;;;;;
1102;Segundo Operador Estamparia Rotativa;Nacional;Tęxtil, Confecçăo, Metalúrgica e Logística;2025;;;;;;;;;;;;;;;;
821;Soldador;Nacional;Tęxtil, Confecçăo, Metalúrgica e Logística;2025;;;;;;;;;;;;;;;;
474;Supervisor Administrativo;Nacional;Tęxtil, Confecçăo, Metalúrgica e Logística;2025;;;;;;;;;;;;;;;;
463;Supervisor Comercial;Nacional;Tęxtil, Confecçăo, Metalúrgica e Logística;2025;;;;;;;;;;;;;;;;
236;Supervisor de Almoxarifado;Nacional;Tęxtil, Confecçăo, Metalúrgica e Logística;2025;;;;;;;;;;;;;;;;
491;Supervisor de Comércio Exterior;Nacional;Tęxtil, Confecçăo, Metalúrgica e Logística;2025;;;;;;;;;;;;;;;;
542;Supervisor de Franquia;Nacional;Tęxtil, Confecçăo, Metalúrgica e Logística;2025;;;;;;;;;;;;;;;;
571;Supervisor de Logística;Nacional;Tęxtil, Confecçăo, Metalúrgica e Logística;2025;;;;;;;;;;;;;;;;
591;Supervisor de Operaçőes;Nacional;Tęxtil, Confecçăo, Metalúrgica e Logística;2025;;;;;;;;;;;;;;;;
718;Supervisor de Projetos em Metalúrgica;Nacional;Tęxtil, Confecçăo, Metalúrgica e Logística;2025;;;;;;;;;;;;;;;;
659;Supervisor de Segurança do Trabalho;Nacional;Tęxtil, Confecçăo, Metalúrgica e Logística;2025;;;;;;;;;;;;;;;;
1092;Supervisor de Talhaçăo;Nacional;Tęxtil, Confecçăo, Metalúrgica e Logística;2025;;;;;;;;;;;;;;;;
1043;Supervisor de Transportes;Nacional;Tęxtil, Confecçăo, Metalúrgica e Logística;2025;;;;;;;;;;;;;;;;
469;Supervisor Financeiro;Nacional;Tęxtil, Confecçăo, Metalúrgica e Logística;2025;;;;;;;;;;;;;;;;
1027;Talhador de Tecidos;Nacional;Tęxtil, Confecçăo, Metalúrgica e Logística;2025;;;;;;;;;;;;;;;;
803;Tecelăo de Malhas;Nacional;Tęxtil, Confecçăo, Metalúrgica e Logística;2025;;;;;;;;;;;;;;;;
1129;Tecelăo Tęxtil;Nacional;Tęxtil, Confecçăo, Metalúrgica e Logística;2025;;;;;;;;;;;;;;;;
676;Técnico de Automaçăo;Nacional;Tęxtil, Confecçăo, Metalúrgica e Logística;2025;;;;;;;;;;;;;;;;
415;Técnico de PCP;Nacional;Tęxtil, Confecçăo, Metalúrgica e Logística;2025;;;;;;;;;;;;;;;;
695;Técnico em Eletroeletrônica;Nacional;Tęxtil, Confecçăo, Metalúrgica e Logística;2025;;;;;;;;;;;;;;;;
143;Técnico em Eletrônica;Nacional;Tęxtil, Confecçăo, Metalúrgica e Logística;2025;;;;;;;;;;;;;;;;
417;Técnico em Eletrotécnica;Nacional;Tęxtil, Confecçăo, Metalúrgica e Logística;2025;;;;;;;;;;;;;;;;
711;Técnico em Manutençăo de Máquinas Industriais;Nacional;Tęxtil, Confecçăo, Metalúrgica e Logística;2025;;;;;;;;;;;;;;;;
717;Técnico em Meio Ambiente;Nacional;Tęxtil, Confecçăo, Metalúrgica e Logística;2025;;;;;;;;;;;;;;;;
124;Técnico em Segurança do Trabalho;Nacional;Tęxtil, Confecçăo, Metalúrgica e Logística;2025;;;;;;;;;;;;;;;;
743;Técnico em Tęxtil;Nacional;Tęxtil, Confecçăo, Metalúrgica e Logística;2025;;;;;;;;;;;;;;;;
1093;Tintureiro;Nacional;Tęxtil, Confecçăo, Metalúrgica e Logística;2025;;;;;;;;;;;;;;;;
772;Torneiro Mecânico;Nacional;Tęxtil, Confecçăo, Metalúrgica e Logística;2025;;;;;;;;;;;;;;;;
1192;Trader Comércio Exterior;Nacional;Tęxtil, Confecçăo, Metalúrgica e Logística;2025;;;;;;;;;;;;;;;;
1130;Urdidor;Nacional;Tęxtil, Confecçăo, Metalúrgica e Logística;2025;;;;;;;;;;;;;;;;
454;Vendedor Externo;Nacional;Tęxtil, Confecçăo, Metalúrgica e Logística;2025;;;;;;;;;;;;;;;;
272;Vendedor Interno;Nacional;Tęxtil, Confecçăo, Metalúrgica e Logística;2025;;;;;;;;;;;;;;;;
1189;Vistoriador ;Nacional;Tęxtil, Confecçăo, Metalúrgica e Logística;2025;;;;;;;;;;;;;;;;
465;Vendedor de Loja;Nacional;Tęxtil, Confecçăo, Metalúrgica e Logística;2025;;;;;;;;;;;;;;;;
1197;Operador de máquina de bordar;Nacional;Tęxtil, Confecçăo, Metalúrgica e Logística;2025;;;;;;;;;;;;;;;;
1198;Cozinheiro industrial;Nacional;Tęxtil, Confecçăo, Metalúrgica e Logística;2025;;;;;;;;;;;;;;;;
788;Nutricionista;Nacional;Tęxtil, Confecçăo, Metalúrgica e Logística;2025;;;;;;;;;;;;;;;;
617;Auxiliar de Cozinha;Nacional;Tęxtil, Confecçăo, Metalúrgica e Logística;2025;;;;;;;;;;;;;;;;
258;Administrador;SC;Geral;2024;;;;;;;;;;;;;;;;
5;Administrador de Redes;SC;Geral;2024;;;;;;;;;;;;;;;;
235;Administrador do Prédio;SC;Geral;2024;;;;;;;;;;;;;;;;
9;Advogado;SC;Geral;2024;;;;;;;;;;;;;;;;
203;Almoxarife;SC;Geral;2024;;;;;;;;;;;;;;;;
13;Analista Administrativo;SC;Geral;2024;;;;;;;;;;;;;;;;
476;Analista Business Partner;SC;Geral;2024;;;;;;;;;;;;;;;;
19;Analista Comercial;SC;Geral;2024;;;;;;;;;;;;;;;;
21;Analista Contábil;SC;Geral;2024;;;;;;;;;;;;;;;;
16;Analista Financeiro;SC;Geral;2024;;;;;;;;;;;;;;;;
276;Analista Fiscal;SC;Geral;2024;;;;;;;;;;;;;;;;
381;Analista Jurídico;SC;Geral;2024;;;;;;;;;;;;;;;;
1167;Analista Musical;SC;Geral;2024;;;;;;;;;;;;;;;;
25;Analista de Atendimento e Suporte;SC;Geral;2024;;;;;;;;;;;;;;;;
434;Analista de BI;SC;Geral;2024;;;;;;;;;;;;;;;;
82;Analista de Banco de Dados;SC;Geral;2024;;;;;;;;;;;;;;;;
985;Analista de Cobrança;SC;Geral;2024;;;;;;;;;;;;;;;;
136;Analista de Compras;SC;Geral;2024;;;;;;;;;;;;;;;;
23;Analista de Comunicaçăo;SC;Geral;2024;;;;;;;;;;;;;;;;
367;Analista de Comércio Exterior;SC;Geral;2024;;;;;;;;;;;;;;;;
435;Analista de Dados;SC;Geral;2024;;;;;;;;;;;;;;;;
28;Analista de Departamento Pessoal;SC;Geral;2024;;;;;;;;;;;;;;;;
829;Analista de E-commerce;SC;Geral;2024;;;;;;;;;;;;;;;;
530;Analista de Engenharia;SC;Geral;2024;;;;;;;;;;;;;;;;
368;Analista de Faturamento;SC;Geral;2024;;;;;;;;;;;;;;;;
15;Analista de Infraestrutura de TI;SC;Geral;2024;;;;;;;;;;;;;;;;
371;Analista de Inteligęncia de Mercado;SC;Geral;2024;;;;;;;;;;;;;;;;
913;Analista de Laboratório e Análises Clínicas;SC;Geral;2024;;;;;;;;;;;;;;;;
37;Analista de Logística;SC;Geral;2024;;;;;;;;;;;;;;;;
42;Analista de Marketing;SC;Geral;2024;;;;;;;;;;;;;;;;
370;Analista de Marketing Digital;SC;Geral;2024;;;;;;;;;;;;;;;;
511;Analista de Mídia;SC;Geral;2024;;;;;;;;;;;;;;;;
46;Analista de Negócios;SC;Geral;2024;;;;;;;;;;;;;;;;
306;Analista de Operaçőes;SC;Geral;2024;;;;;;;;;;;;;;;;
354;Analista de PCP;SC;Geral;2024;;;;;;;;;;;;;;;;
17;Analista de Pesquisa e Desenvolvimento P&D;SC;Geral;2024;;;;;;;;;;;;;;;;
190;Analista de Planejamento Financeiro;SC;Geral;2024;;;;;;;;;;;;;;;;
898;Analista de Prevençăo ŕ Fraude;SC;Geral;2024;;;;;;;;;;;;;;;;
48;Analista de Processos;SC;Geral;2024;;;;;;;;;;;;;;;;
375;Analista de Produto;SC;Geral;2024;;;;;;;;;;;;;;;;
610;Analista de Produçăo;SC;Geral;2024;;;;;;;;;;;;;;;;
18;Analista de Projetos;SC;Geral;2024;;;;;;;;;;;;;;;;
439;Analista de Prospecçăo (BDR);SC;Geral;2024;;;;;;;;;;;;;;;;
438;Analista de Pré-vendas (SDR);SC;Geral;2024;;;;;;;;;;;;;;;;
374;Analista de Pós-vendas;SC;Geral;2024;;;;;;;;;;;;;;;;
628;Analista de Qualidade;SC;Geral;2024;;;;;;;;;;;;;;;;
359;Analista de Recrutamento e Seleçăo;SC;Geral;2024;;;;;;;;;;;;;;;;
52;Analista de Recursos Humanos;SC;Geral;2024;;;;;;;;;;;;;;;;
376;Analista de Relacionamento;SC;Geral;2024;;;;;;;;;;;;;;;;
641;Analista de Relaçőes Institucionais;SC;Geral;2024;;;;;;;;;;;;;;;;
362;Analista de Remuneraçăo e Benefícios;SC;Geral;2024;;;;;;;;;;;;;;;;
22;Analista de Sistemas;SC;Geral;2024;;;;;;;;;;;;;;;;
29;Analista de Testes (Qualidade em TI);SC;Geral;2024;;;;;;;;;;;;;;;;
754;Analista de Trade Marketing;SC;Geral;2024;;;;;;;;;;;;;;;;
379;Analista de Treinamento e Desenvolvimento;SC;Geral;2024;;;;;;;;;;;;;;;;
981;Analista de crédito;SC;Geral;2024;;;;;;;;;;;;;;;;
1168;Apresentador;SC;Geral;2024;;;;;;;;;;;;;;;;
475;Arquiteto;SC;Geral;2024;;;;;;;;;;;;;;;;
133;Arquiteto de Software;SC;Geral;2024;;;;;;;;;;;;;;;;
328;Arte Finalista;SC;Geral;2024;;;;;;;;;;;;;;;;
59;Assistente Administrativo;SC;Geral;2024;;;;;;;;;;;;;;;;
62;Assistente Comercial;SC;Geral;2024;;;;;;;;;;;;;;;;
273;Assistente Contábil;SC;Geral;2024;;;;;;;;;;;;;;;;
79;Assistente Financeiro;SC;Geral;2024;;;;;;;;;;;;;;;;
277;Assistente Fiscal;SC;Geral;2024;;;;;;;;;;;;;;;;
80;Assistente Jurídico;SC;Geral;2024;;;;;;;;;;;;;;;;
565;Assistente de Almoxarifado;SC;Geral;2024;;;;;;;;;;;;;;;;
319;Assistente de Atendimento e Suporte;SC;Geral;2024;;;;;;;;;;;;;;;;
386;Assistente de CRM;SC;Geral;2024;;;;;;;;;;;;;;;;
67;Assistente de Compras;SC;Geral;2024;;;;;;;;;;;;;;;;
499;Assistente de Comunicaçăo Interna;SC;Geral;2024;;;;;;;;;;;;;;;;
489;Assistente de Comércio Exterior;SC;Geral;2024;;;;;;;;;;;;;;;;
150;Assistente de Controladoria;SC;Geral;2024;;;;;;;;;;;;;;;;
68;Assistente de Departamento Pessoal;SC;Geral;2024;;;;;;;;;;;;;;;;
828;Assistente de E-commerce;SC;Geral;2024;;;;;;;;;;;;;;;;
531;Assistente de Engenharia;SC;Geral;2024;;;;;;;;;;;;;;;;
467;Assistente de Estoque;SC;Geral;2024;;;;;;;;;;;;;;;;
1169;Assistente de Estúdio;SC;Geral;2024;;;;;;;;;;;;;;;;
387;Assistente de Faturamento;SC;Geral;2024;;;;;;;;;;;;;;;;
69;Assistente de Infraestrutura de TI;SC;Geral;2024;;;;;;;;;;;;;;;;
70;Assistente de Logística;SC;Geral;2024;;;;;;;;;;;;;;;;
71;Assistente de Marketing;SC;Geral;2024;;;;;;;;;;;;;;;;
577;Assistente de Marketing Digital;SC;Geral;2024;;;;;;;;;;;;;;;;
581;Assistente de Negócios;SC;Geral;2024;;;;;;;;;;;;;;;;
309;Assistente de Operaçőes;SC;Geral;2024;;;;;;;;;;;;;;;;
1170;Assistente de Operaçőes Audiovisuais;SC;Geral;2024;;;;;;;;;;;;;;;;
388;Assistente de PCP;SC;Geral;2024;;;;;;;;;;;;;;;;
594;Assistente de Pesquisa e Desenvolvimento P&D;SC;Geral;2024;;;;;;;;;;;;;;;;
341;Assistente de Planejamento Financeiro;SC;Geral;2024;;;;;;;;;;;;;;;;
72;Assistente de Processos;SC;Geral;2024;;;;;;;;;;;;;;;;
616;Assistente de Produto;SC;Geral;2024;;;;;;;;;;;;;;;;
611;Assistente de Produçăo;SC;Geral;2024;;;;;;;;;;;;;;;;
1171;Assistente de Produçăo Comunicaçăo;SC;Geral;2024;;;;;;;;;;;;;;;;
74;Assistente de Projetos;SC;Geral;2024;;;;;;;;;;;;;;;;
292;Assistente de Prospecçăo (BDR);SC;Geral;2024;;;;;;;;;;;;;;;;
441;Assistente de Pré-vendas (SDR);SC;Geral;2024;;;;;;;;;;;;;;;;
389;Assistente de Pós-vendas;SC;Geral;2024;;;;;;;;;;;;;;;;
629;Assistente de Qualidade;SC;Geral;2024;;;;;;;;;;;;;;;;
634;Assistente de Recrutamento e Seleçăo;SC;Geral;2024;;;;;;;;;;;;;;;;
77;Assistente de Recursos Humanos;SC;Geral;2024;;;;;;;;;;;;;;;;
642;Assistente de Relaçőes Institucionais;SC;Geral;2024;;;;;;;;;;;;;;;;
31;Assistente de Tecnologia da Informaçăo;SC;Geral;2024;;;;;;;;;;;;;;;;
443;Assistente de Testes (Qualidade em TI);SC;Geral;2024;;;;;;;;;;;;;;;;
752;Assistente de Topografia;SC;Geral;2024;;;;;;;;;;;;;;;;
755;Assistente de Trade Marketing;SC;Geral;2024;;;;;;;;;;;;;;;;
761;Assistente de Treinamento e Desenvolvimento;SC;Geral;2024;;;;;;;;;;;;;;;;
940;Atendente de Padaria Balcăo;SC;Geral;2024;;;;;;;;;;;;;;;;
117;Atendente de Recepçăo;SC;Geral;2024;;;;;;;;;;;;;;;;
1165;Autor Roteirista;SC;Geral;2024;;;;;;;;;;;;;;;;
83;Auxiliar Administrativo;SC;Geral;2024;;;;;;;;;;;;;;;;
1152;Auxiliar de Acabamento Gráfico;SC;Geral;2024;;;;;;;;;;;;;;;;
392;Auxiliar de Almoxarifado;SC;Geral;2024;;;;;;;;;;;;;;;;
936;Auxiliar de Açougue;SC;Geral;2024;;;;;;;;;;;;;;;;
942;Auxiliar de Confeiteiro;SC;Geral;2024;;;;;;;;;;;;;;;;
617;Auxiliar de Cozinha;SC;Geral;2024;;;;;;;;;;;;;;;;
523;Auxiliar de Enfermagem;SC;Geral;2024;;;;;;;;;;;;;;;;
566;Auxiliar de Estoque;SC;Geral;2024;;;;;;;;;;;;;;;;
974;Auxiliar de Farmácia;SC;Geral;2024;;;;;;;;;;;;;;;;
1154;Auxiliar de Impressăo;SC;Geral;2024;;;;;;;;;;;;;;;;
216;Auxiliar de Laboratório;SC;Geral;2024;;;;;;;;;;;;;;;;
88;Auxiliar de Logística;SC;Geral;2024;;;;;;;;;;;;;;;;
861;Auxiliar de Manutençăo;SC;Geral;2024;;;;;;;;;;;;;;;;
589;Auxiliar de Operaçőes;SC;Geral;2024;;;;;;;;;;;;;;;;
946;Auxiliar de Padeiro;SC;Geral;2024;;;;;;;;;;;;;;;;
393;Auxiliar de Produçăo;SC;Geral;2024;;;;;;;;;;;;;;;;
91;Auxiliar de Serviços Gerais;SC;Geral;2024;;;;;;;;;;;;;;;;
935;Açougueiro;SC;Geral;2024;;;;;;;;;;;;;;;;
260;Bioquímico;SC;Geral;2024;;;;;;;;;;;;;;;;
259;Biólogo;SC;Geral;2024;;;;;;;;;;;;;;;;
1172;Chefe de Reportagem;SC;Geral;2024;;;;;;;;;;;;;;;;
1173;Colunista;SC;Geral;2024;;;;;;;;;;;;;;;;
1174;Comentarista;SC;Geral;2024;;;;;;;;;;;;;;;;
93;Comprador;SC;Geral;2024;;;;;;;;;;;;;;;;
1141;Comunicador;SC;Geral;2024;;;;;;;;;;;;;;;;
945;Confeiteiro(a);SC;Geral;2024;;;;;;;;;;;;;;;;
955;Conferente;SC;Geral;2024;;;;;;;;;;;;;;;;
285;Consultor Comercial;SC;Geral;2024;;;;;;;;;;;;;;;;
149;Consultor de Negócios;SC;Geral;2024;;;;;;;;;;;;;;;;
94;Contador;SC;Geral;2024;;;;;;;;;;;;;;;;
1175;Controlador de Programaçăo;SC;Geral;2024;;;;;;;;;;;;;;;;
95;Controller;SC;Geral;2024;;;;;;;;;;;;;;;;
39;Coordenador Administrativo;SC;Geral;2024;;;;;;;;;;;;;;;;
480;Coordenador Clínico;SC;Geral;2024;;;;;;;;;;;;;;;;
41;Coordenador Comercial;SC;Geral;2024;;;;;;;;;;;;;;;;
274;Coordenador Contábil;SC;Geral;2024;;;;;;;;;;;;;;;;
122;Coordenador Financeiro;SC;Geral;2024;;;;;;;;;;;;;;;;
279;Coordenador Fiscal;SC;Geral;2024;;;;;;;;;;;;;;;;
131;Coordenador Jurídico;SC;Geral;2024;;;;;;;;;;;;;;;;
1180;Coordenador Telejornalismo;SC;Geral;2024;;;;;;;;;;;;;;;;
1179;Coordenador Técnico Comunicaçăo;SC;Geral;2024;;;;;;;;;;;;;;;;
47;Coordenador de Atendimento e Suporte;SC;Geral;2024;;;;;;;;;;;;;;;;
137;Coordenador de Compras;SC;Geral;2024;;;;;;;;;;;;;;;;
491;Coordenador de Comércio Exterior;SC;Geral;2024;;;;;;;;;;;;;;;;
123;Coordenador de Controladoria;SC;Geral;2024;;;;;;;;;;;;;;;;
126;Coordenador de Departamento Pessoal;SC;Geral;2024;;;;;;;;;;;;;;;;
73;Coordenador de Desenvolvimento;SC;Geral;2024;;;;;;;;;;;;;;;;
831;Coordenador de E-commerce;SC;Geral;2024;;;;;;;;;;;;;;;;
524;Coordenador de Enfermagem;SC;Geral;2024;;;;;;;;;;;;;;;;
933;Coordenador de Farmácia;SC;Geral;2024;;;;;;;;;;;;;;;;
132;Coordenador de Infraestrutura de TI;SC;Geral;2024;;;;;;;;;;;;;;;;
552;Coordenador de Inteligęncia de Mercado;SC;Geral;2024;;;;;;;;;;;;;;;;
768;Coordenador de Laboratório;SC;Geral;2024;;;;;;;;;;;;;;;;
567;Coordenador de Logística;SC;Geral;2024;;;;;;;;;;;;;;;;
572;Coordenador de Loja;SC;Geral;2024;;;;;;;;;;;;;;;;
863;Coordenador de Manutençăo;SC;Geral;2024;;;;;;;;;;;;;;;;
56;Coordenador de Marketing;SC;Geral;2024;;;;;;;;;;;;;;;;
395;Coordenador de Marketing Digital;SC;Geral;2024;;;;;;;;;;;;;;;;
167;Coordenador de Negócios;SC;Geral;2024;;;;;;;;;;;;;;;;
1176;Coordenador de Núcleo;SC;Geral;2024;;;;;;;;;;;;;;;;
209;Coordenador de Obras;SC;Geral;2024;;;;;;;;;;;;;;;;
295;Coordenador de Operaçőes;SC;Geral;2024;;;;;;;;;;;;;;;;
864;Coordenador de PCP;SC;Geral;2024;;;;;;;;;;;;;;;;
78;Coordenador de Pesquisa e Desenvolvimento P&D;SC;Geral;2024;;;;;;;;;;;;;;;;
597;Coordenador de Planejamento Financeiro;SC;Geral;2024;;;;;;;;;;;;;;;;
119;Coordenador de Processos;SC;Geral;2024;;;;;;;;;;;;;;;;
305;Coordenador de Produto;SC;Geral;2024;;;;;;;;;;;;;;;;
1178;Coordenador de Produto e Programaçăo;SC;Geral;2024;;;;;;;;;;;;;;;;
396;Coordenador de Produçăo;SC;Geral;2024;;;;;;;;;;;;;;;;
1163;Coordenador de Produçăo Comunicaçăo;SC;Geral;2024;;;;;;;;;;;;;;;;
1177;Coordenador de Produçăo Multímidia;SC;Geral;2024;;;;;;;;;;;;;;;;
97;Coordenador de Projetos;SC;Geral;2024;;;;;;;;;;;;;;;;
447;Coordenador de Pré-vendas;SC;Geral;2024;;;;;;;;;;;;;;;;
600;Coordenador de Pós-vendas;SC;Geral;2024;;;;;;;;;;;;;;;;
631;Coordenador de Qualidade;SC;Geral;2024;;;;;;;;;;;;;;;;
121;Coordenador de Recursos Humanos;SC;Geral;2024;;;;;;;;;;;;;;;;
657;Coordenador de Segurança do Trabalho;SC;Geral;2024;;;;;;;;;;;;;;;;
814;Coordenador de TI;SC;Geral;2024;;;;;;;;;;;;;;;;
826;Coordenador de Telemarketing;SC;Geral;2024;;;;;;;;;;;;;;;;
757;Coordenador de Trade Marketing;SC;Geral;2024;;;;;;;;;;;;;;;;
763;Coordenador de Treinamento e Desenvolvimento;SC;Geral;2024;;;;;;;;;;;;;;;;
612;Costureira;SC;Geral;2024;;;;;;;;;;;;;;;;
619;Cozinheiro;SC;Geral;2024;;;;;;;;;;;;;;;;
249;Desenhista Projetista;SC;Geral;2024;;;;;;;;;;;;;;;;
1;Desenvolvedor;SC;Geral;2024;;;;;;;;;;;;;;;;
142;Designer Gráfico;SC;Geral;2024;;;;;;;;;;;;;;;;
1181;Diagramador;SC;Geral;2024;;;;;;;;;;;;;;;;
99;Diretor Administrativo;SC;Geral;2024;;;;;;;;;;;;;;;;
100;Diretor Comercial;SC;Geral;2024;;;;;;;;;;;;;;;;
456;Diretor Executivo;SC;Geral;2024;;;;;;;;;;;;;;;;
125;Diretor Financeiro;SC;Geral;2024;;;;;;;;;;;;;;;;
460;Diretor Geral;SC;Geral;2024;;;;;;;;;;;;;;;;
1182;Diretor Geral Jornalismo;SC;Geral;2024;;;;;;;;;;;;;;;;
557;Diretor Jurídico;SC;Geral;2024;;;;;;;;;;;;;;;;
331;Diretor de Arte;SC;Geral;2024;;;;;;;;;;;;;;;;
496;Diretor de Compras;SC;Geral;2024;;;;;;;;;;;;;;;;
327;Diretor de Conteúdo;SC;Geral;2024;;;;;;;;;;;;;;;;
540;Diretor de Franquia;SC;Geral;2024;;;;;;;;;;;;;;;;
1166;Diretor de Imagens;SC;Geral;2024;;;;;;;;;;;;;;;;
101;Diretor de Logística;SC;Geral;2024;;;;;;;;;;;;;;;;
573;Diretor de Loja;SC;Geral;2024;;;;;;;;;;;;;;;;
102;Diretor de Marketing;SC;Geral;2024;;;;;;;;;;;;;;;;
153;Diretor de Negócios;SC;Geral;2024;;;;;;;;;;;;;;;;
198;Diretor de Operaçőes;SC;Geral;2024;;;;;;;;;;;;;;;;
620;Diretor de Produto;SC;Geral;2024;;;;;;;;;;;;;;;;
403;Diretor de Produçăo;SC;Geral;2024;;;;;;;;;;;;;;;;
1164;Diretor de Programas;SC;Geral;2024;;;;;;;;;;;;;;;;
103;Diretor de Recursos Humanos;SC;Geral;2024;;;;;;;;;;;;;;;;
601;Diretor de Relacionamento;SC;Geral;2024;;;;;;;;;;;;;;;;
402;Diretor de Serviços;SC;Geral;2024;;;;;;;;;;;;;;;;
400;Diretor de Tecnologia;SC;Geral;2024;;;;;;;;;;;;;;;;
179;Editor;SC;Geral;2024;;;;;;;;;;;;;;;;
218;Eletricista;SC;Geral;2024;;;;;;;;;;;;;;;;
871;Embalador;SC;Geral;2024;;;;;;;;;;;;;;;;
956;Empacotador;SC;Geral;2024;;;;;;;;;;;;;;;;
574;Encarregado Operador de Loja;SC;Geral;2024;;;;;;;;;;;;;;;;
820;Encarregado de Manutençăo;SC;Geral;2024;;;;;;;;;;;;;;;;
355;Encarregado de Produçăo;SC;Geral;2024;;;;;;;;;;;;;;;;
526;Enfermeiro;SC;Geral;2024;;;;;;;;;;;;;;;;
212;Engenheiro;SC;Geral;2024;;;;;;;;;;;;;;;;
1149;Engenheiro Ambiental;SC;Geral;2024;;;;;;;;;;;;;;;;
1145;Engenheiro Civil;SC;Geral;2024;;;;;;;;;;;;;;;;
1148;Engenheiro Eletricista;SC;Geral;2024;;;;;;;;;;;;;;;;
1147;Engenheiro Mecânico;SC;Geral;2024;;;;;;;;;;;;;;;;
1150;Engenheiro de Alimentos;SC;Geral;2024;;;;;;;;;;;;;;;;
1146;Engenheiro de Produçăo;SC;Geral;2024;;;;;;;;;;;;;;;;
264;Engenheiro de Segurança do Trabalho;SC;Geral;2024;;;;;;;;;;;;;;;;
145;Engenheiro de Tecnologia;SC;Geral;2024;;;;;;;;;;;;;;;;
957;Entregador;SC;Geral;2024;;;;;;;;;;;;;;;;
535;Estagiário Nível Superior;SC;Geral;2024;;;;;;;;;;;;;;;;
536;Estagiário Nível Técnico;SC;Geral;2024;;;;;;;;;;;;;;;;
425;Estagiário em TI;SC;Geral;2024;;;;;;;;;;;;;;;;
568;Estivador;SC;Geral;2024;;;;;;;;;;;;;;;;
468;Estoquista;SC;Geral;2024;;;;;;;;;;;;;;;;
105;Executivo de Contas;SC;Geral;2024;;;;;;;;;;;;;;;;
406;Expedidor;SC;Geral;2024;;;;;;;;;;;;;;;;
482;Farmacęutico;SC;Geral;2024;;;;;;;;;;;;;;;;
872;Ferramenteiro;SC;Geral;2024;;;;;;;;;;;;;;;;
1139;Fresador Ferramenteiro;SC;Geral;2024;;;;;;;;;;;;;;;;
1137;Galvanizador;SC;Geral;2024;;;;;;;;;;;;;;;;
622;Garçom;SC;Geral;2024;;;;;;;;;;;;;;;;
106;Gerente Administrativo;SC;Geral;2024;;;;;;;;;;;;;;;;
483;Gerente Clínico;SC;Geral;2024;;;;;;;;;;;;;;;;
107;Gerente Comercial;SC;Geral;2024;;;;;;;;;;;;;;;;
462;Gerente Comercial Regional;SC;Geral;2024;;;;;;;;;;;;;;;;
110;Gerente Contábil;SC;Geral;2024;;;;;;;;;;;;;;;;
114;Gerente Financeiro;SC;Geral;2024;;;;;;;;;;;;;;;;
461;Gerente Geral;SC;Geral;2024;;;;;;;;;;;;;;;;
1183;Gerente Geral Telejornalismo;SC;Geral;2024;;;;;;;;;;;;;;;;
563;Gerente Imobiliário;SC;Geral;2024;;;;;;;;;;;;;;;;
148;Gerente Jurídico;SC;Geral;2024;;;;;;;;;;;;;;;;
815;Gerente de Atendimento;SC;Geral;2024;;;;;;;;;;;;;;;;
49;Gerente de Atendimento e Suporte;SC;Geral;2024;;;;;;;;;;;;;;;;
450;Gerente de Canais;SC;Geral;2024;;;;;;;;;;;;;;;;
109;Gerente de Compras;SC;Geral;2024;;;;;;;;;;;;;;;;
493;Gerente de Comércio Exterior;SC;Geral;2024;;;;;;;;;;;;;;;;
353;Gerente de Contratos;SC;Geral;2024;;;;;;;;;;;;;;;;
111;Gerente de Controladoria;SC;Geral;2024;;;;;;;;;;;;;;;;
283;Gerente de Departamento Pessoal;SC;Geral;2024;;;;;;;;;;;;;;;;
61;Gerente de Desenvolvimento de TI;SC;Geral;2024;;;;;;;;;;;;;;;;
832;Gerente de E-commerce;SC;Geral;2024;;;;;;;;;;;;;;;;
213;Gerente de Engenharia;SC;Geral;2024;;;;;;;;;;;;;;;;
541;Gerente de Franquia;SC;Geral;2024;;;;;;;;;;;;;;;;
157;Gerente de Fábrica;SC;Geral;2024;;;;;;;;;;;;;;;;
135;Gerente de Infraestrutura de TI;SC;Geral;2024;;;;;;;;;;;;;;;;
569;Gerente de Logística;SC;Geral;2024;;;;;;;;;;;;;;;;
464;Gerente de Loja;SC;Geral;2024;;;;;;;;;;;;;;;;
878;Gerente de Manutençăo;SC;Geral;2024;;;;;;;;;;;;;;;;
112;Gerente de Marketing;SC;Geral;2024;;;;;;;;;;;;;;;;
579;Gerente de Marketing Digital;SC;Geral;2024;;;;;;;;;;;;;;;;
451;Gerente de Negócios;SC;Geral;2024;;;;;;;;;;;;;;;;
214;Gerente de Obras;SC;Geral;2024;;;;;;;;;;;;;;;;
311;Gerente de Operaçőes;SC;Geral;2024;;;;;;;;;;;;;;;;
66;Gerente de Pesquisa e Desenvolvimento P&D;SC;Geral;2024;;;;;;;;;;;;;;;;
608;Gerente de Processos;SC;Geral;2024;;;;;;;;;;;;;;;;
407;Gerente de Produto;SC;Geral;2024;;;;;;;;;;;;;;;;
613;Gerente de Produçăo;SC;Geral;2024;;;;;;;;;;;;;;;;
65;Gerente de Projetos;SC;Geral;2024;;;;;;;;;;;;;;;;
455;Gerente de Pré-vendas;SC;Geral;2024;;;;;;;;;;;;;;;;
352;Gerente de Pós-vendas;SC;Geral;2024;;;;;;;;;;;;;;;;
632;Gerente de Qualidade;SC;Geral;2024;;;;;;;;;;;;;;;;
113;Gerente de Recursos Humanos;SC;Geral;2024;;;;;;;;;;;;;;;;
422;Gerente de Serviços;SC;Geral;2024;;;;;;;;;;;;;;;;
63;Gerente de Tecnologia da Informaçăo;SC;Geral;2024;;;;;;;;;;;;;;;;
827;Gerente de Telemarketing;SC;Geral;2024;;;;;;;;;;;;;;;;
452;Gerente de Testes (Qualidade em TI);SC;Geral;2024;;;;;;;;;;;;;;;;
759;Gerente de Trade Marketing;SC;Geral;2024;;;;;;;;;;;;;;;;
765;Gerente de Treinamento e Desenvolvimento;SC;Geral;2024;;;;;;;;;;;;;;;;
1155;Impressor;SC;Geral;2024;;;;;;;;;;;;;;;;
797;Laboratorista Tęxtil;SC;Geral;2024;;;;;;;;;;;;;;;;
938;Líder de Açougue;SC;Geral;2024;;;;;;;;;;;;;;;;
973;Líder de Bazar;SC;Geral;2024;;;;;;;;;;;;;;;;
943;Líder de Confeitaria;SC;Geral;2024;;;;;;;;;;;;;;;;
968;Líder de Expediçăo;SC;Geral;2024;;;;;;;;;;;;;;;;
967;Líder de Frente de Caixa;SC;Geral;2024;;;;;;;;;;;;;;;;
961;Líder de Frios;SC;Geral;2024;;;;;;;;;;;;;;;;
963;Líder de Hortifruti;SC;Geral;2024;;;;;;;;;;;;;;;;
965;Líder de Loja;SC;Geral;2024;;;;;;;;;;;;;;;;
949;Líder de Padaria;SC;Geral;2024;;;;;;;;;;;;;;;;
969;Líder de Prevençăo de Perdas;SC;Geral;2024;;;;;;;;;;;;;;;;
819;Mecânico de Manutençăo de Máquinas;SC;Geral;2024;;;;;;;;;;;;;;;;
470;Mestre de Obras;SC;Geral;2024;;;;;;;;;;;;;;;;
867;Metrologista;SC;Geral;2024;;;;;;;;;;;;;;;;
356;Montador;SC;Geral;2024;;;;;;;;;;;;;;;;
151;Motorista;SC;Geral;2024;;;;;;;;;;;;;;;;
874;Motorista Carreteiro;SC;Geral;2024;;;;;;;;;;;;;;;;
958;Motorista de Caminhăo;SC;Geral;2024;;;;;;;;;;;;;;;;
255;Médico do Trabalho;SC;Geral;2024;;;;;;;;;;;;;;;;
769;Operador CNC;SC;Geral;2024;;;;;;;;;;;;;;;;
1111;Operador Maquina de Corte;SC;Geral;2024;;;;;;;;;;;;;;;;
1184;Operador Midia Audiovisual;SC;Geral;2024;;;;;;;;;;;;;;;;
1135;Operador de Acabamento;SC;Geral;2024;;;;;;;;;;;;;;;;
1157;Operador de Acabamento Automatizado;SC;Geral;2024;;;;;;;;;;;;;;;;
1151;Operador de Acabamento Gráfico;SC;Geral;2024;;;;;;;;;;;;;;;;
1156;Operador de Acabamento Manual;SC;Geral;2024;;;;;;;;;;;;;;;;
466;Operador de Caixa;SC;Geral;2024;;;;;;;;;;;;;;;;
885;Operador de Centro de Usinagem;SC;Geral;2024;;;;;;;;;;;;;;;;
1159;Operador de Computaçăo Gráfica;SC;Geral;2024;;;;;;;;;;;;;;;;
1162;Operador de Controle Mestre;SC;Geral;2024;;;;;;;;;;;;;;;;
1158;Operador de Corte e Vinco Automático;SC;Geral;2024;;;;;;;;;;;;;;;;
1142;Operador de Câmera;SC;Geral;2024;;;;;;;;;;;;;;;;
868;Operador de Empilhadeira;SC;Geral;2024;;;;;;;;;;;;;;;;
1140;Operador de Extrusora;SC;Geral;2024;;;;;;;;;;;;;;;;
1136;Operador de Forno;SC;Geral;2024;;;;;;;;;;;;;;;;
614;Operador de Máquina;SC;Geral;2024;;;;;;;;;;;;;;;;
1153;Operador de Pré-Impressăo;SC;Geral;2024;;;;;;;;;;;;;;;;
875;Operador de estaçăo de tratamento de água e efluentes;SC;Geral;2024;;;;;;;;;;;;;;;;
1038;Operador de máquinas de construçăo civil e mineraçăo;SC;Geral;2024;;;;;;;;;;;;;;;;
824;Operador de telemarketing;SC;Geral;2024;;;;;;;;;;;;;;;;
26;Orçamentista;SC;Geral;2024;;;;;;;;;;;;;;;;
947;Padeiro;SC;Geral;2024;;;;;;;;;;;;;;;;
586;Pedreiro;SC;Geral;2024;;;;;;;;;;;;;;;;
116;Porteiro;SC;Geral;2024;;;;;;;;;;;;;;;;
869;Preparador de Tintas;SC;Geral;2024;;;;;;;;;;;;;;;;
411;Presidente;SC;Geral;2024;;;;;;;;;;;;;;;;
322;Produtor;SC;Geral;2024;;;;;;;;;;;;;;;;
833;Produtor Audiovisual;SC;Geral;2024;;;;;;;;;;;;;;;;
323;Produtor de Eventos;SC;Geral;2024;;;;;;;;;;;;;;;;
771;Programador de Centro de Usinagem;SC;Geral;2024;;;;;;;;;;;;;;;;
770;Programador de Torno CNC;SC;Geral;2024;;;;;;;;;;;;;;;;
257;Psicólogo;SC;Geral;2024;;;;;;;;;;;;;;;;
624;Químico;SC;Geral;2024;;;;;;;;;;;;;;;;
330;Redator;SC;Geral;2024;;;;;;;;;;;;;;;;
84;Redator Técnico;SC;Geral;2024;;;;;;;;;;;;;;;;
1143;Reporter;SC;Geral;2024;;;;;;;;;;;;;;;;
570;Repositor;SC;Geral;2024;;;;;;;;;;;;;;;;
3;Secretária Executiva;SC;Geral;2024;;;;;;;;;;;;;;;;
118;Secretário(a);SC;Geral;2024;;;;;;;;;;;;;;;;
587;Servente de Obras;SC;Geral;2024;;;;;;;;;;;;;;;;
821;Soldador;SC;Geral;2024;;;;;;;;;;;;;;;;
474;Supervisor Administrativo;SC;Geral;2024;;;;;;;;;;;;;;;;
463;Supervisor Comercial;SC;Geral;2024;;;;;;;;;;;;;;;;
469;Supervisor Financeiro;SC;Geral;2024;;;;;;;;;;;;;;;;
1161;Supervisor Técnico;SC;Geral;2024;;;;;;;;;;;;;;;;
236;Supervisor de Almoxarifado;SC;Geral;2024;;;;;;;;;;;;;;;;
497;Supervisor de Compras;SC;Geral;2024;;;;;;;;;;;;;;;;
494;Supervisor de Comércio Exterior;SC;Geral;2024;;;;;;;;;;;;;;;;
542;Supervisor de Franquia;SC;Geral;2024;;;;;;;;;;;;;;;;
571;Supervisor de Logística;SC;Geral;2024;;;;;;;;;;;;;;;;
575;Supervisor de Loja;SC;Geral;2024;;;;;;;;;;;;;;;;
882;Supervisor de Manutençăo;SC;Geral;2024;;;;;;;;;;;;;;;;
588;Supervisor de Obras;SC;Geral;2024;;;;;;;;;;;;;;;;
591;Supervisor de Operaçőes;SC;Geral;2024;;;;;;;;;;;;;;;;
598;Supervisor de Planejamento;SC;Geral;2024;;;;;;;;;;;;;;;;
625;Supervisor de Produto;SC;Geral;2024;;;;;;;;;;;;;;;;
615;Supervisor de Produçăo;SC;Geral;2024;;;;;;;;;;;;;;;;
602;Supervisor de Pós-vendas;SC;Geral;2024;;;;;;;;;;;;;;;;
825;Supervisor de Telemarketing;SC;Geral;2024;;;;;;;;;;;;;;;;
753;Topógrafo;SC;Geral;2024;;;;;;;;;;;;;;;;
1138;Torneiro Ferramenteiro;SC;Geral;2024;;;;;;;;;;;;;;;;
772;Torneiro Mecânico;SC;Geral;2024;;;;;;;;;;;;;;;;
697;Técnico de Enfermagem;SC;Geral;2024;;;;;;;;;;;;;;;;
1134;Técnico de Enfermagem do Trabalho;SC;Geral;2024;;;;;;;;;;;;;;;;
1160;Técnico de Estaçăo de Retransmissoras e Repetidoras de TV;SC;Geral;2024;;;;;;;;;;;;;;;;
1144;Técnico de Sistemas Audiovisuais;SC;Geral;2024;;;;;;;;;;;;;;;;
85;Técnico de Suporte;SC;Geral;2024;;;;;;;;;;;;;;;;
269;Técnico em Edificaçőes;SC;Geral;2024;;;;;;;;;;;;;;;;
695;Técnico em Eletroeletrônica;SC;Geral;2024;;;;;;;;;;;;;;;;
696;Técnico em Eletromecânica;SC;Geral;2024;;;;;;;;;;;;;;;;
417;Técnico em Eletrotécnica;SC;Geral;2024;;;;;;;;;;;;;;;;
143;Técnico em Eletrônica;SC;Geral;2024;;;;;;;;;;;;;;;;
701;Técnico em Fabricaçăo Mecânica;SC;Geral;2024;;;;;;;;;;;;;;;;
158;Técnico em Infraestrutura de TI;SC;Geral;2024;;;;;;;;;;;;;;;;
711;Técnico em Manutençăo de Máquinas Industriais;SC;Geral;2024;;;;;;;;;;;;;;;;
717;Técnico em Meio Ambiente;SC;Geral;2024;;;;;;;;;;;;;;;;
723;Técnico em Obras;SC;Geral;2024;;;;;;;;;;;;;;;;
727;Técnico em Pré-Impressăo Gráfica;SC;Geral;2024;;;;;;;;;;;;;;;;
124;Técnico em Segurança do Trabalho;SC;Geral;2024;;;;;;;;;;;;;;;;
421;UX/UI Designer;SC;Geral;2024;;;;;;;;;;;;;;;;
454;Vendedor Externo;SC;Geral;2024;;;;;;;;;;;;;;;;
272;Vendedor Interno;SC;Geral;2024;;;;;;;;;;;;;;;;
350;Vendedor Técnico;SC;Geral;2024;;;;;;;;;;;;;;;;
457;Vice-Presidente;SC;Geral;2024;;;;;;;;;;;;;;;;
661;Vigilante;SC;Geral;2024;;;;;;;;;;;;;;;;
212;Engenheiro;Nacional;Construçăo Civil ;2025;;;;;;;;;;;;;;;;
9;Advogado;Nacional;Construçăo Civil ;2025;;;;;;;;;;;;;;;;
203;Almoxarife;Nacional;Construçăo Civil ;2025;;;;;;;;;;;;;;;;
13;Analista Administrativo;Nacional;Construçăo Civil ;2025;;;;;;;;;;;;;;;;
19;"Analista Comercial	";Nacional;Construçăo Civil ;2025;;;;;;;;;;;;;;;;
1200;Analista de Captaçăo de Recursos;Nacional;Construçăo Civil ;2025;;;;;;;;;;;;;;;;
136;Analista de Compras;Nacional;Construçăo Civil ;2025;;;;;;;;;;;;;;;;
876;Analista de Custos;Nacional;Construçăo Civil ;2025;;;;;;;;;;;;;;;;
437;Analista de Inovaçăo ;Nacional;Construçăo Civil ;2025;;;;;;;;;;;;;;;;
42;Analista de Marketing;Nacional;Construçăo Civil ;2025;;;;;;;;;;;;;;;;
45;Analista de Mídias Sociais;Nacional;Construçăo Civil ;2025;;;;;;;;;;;;;;;;
190;Analista de Planejamento Financeiro;Nacional;Construçăo Civil ;2025;;;;;;;;;;;;;;;;
52;Analista de Recursos Humanos;Nacional;Construçăo Civil ;2025;;;;;;;;;;;;;;;;
376;Analista de Relacionamento;Nacional;Construçăo Civil ;2025;;;;;;;;;;;;;;;;
30;Analista de Tecnologia da Informaçăo;Nacional;Construçăo Civil ;2025;;;;;;;;;;;;;;;;
1199;"Analista de Urbanismo	";Nacional;Construçăo Civil ;2025;;;;;;;;;;;;;;;;
16;Analista Financeiro;Nacional;Construçăo Civil ;2025;;;;;;;;;;;;;;;;
475;Arquiteto;Nacional;Construçăo Civil ;2025;;;;;;;;;;;;;;;;
59;Assistente Administrativo;Nacional;Construçăo Civil ;2025;;;;;;;;;;;;;;;;
62;Assistente Comercial;Nacional;Construçăo Civil ;2025;;;;;;;;;;;;;;;;
67;Assistente de Compras;Nacional;Construçăo Civil ;2025;;;;;;;;;;;;;;;;
531;"Assistente de Engenharia	";Nacional;Construçăo Civil ;2025;;;;;;;;;;;;;;;;
390;Assistente de Infraestrutura Predial;Nacional;Construçăo Civil ;2025;;;;;;;;;;;;;;;;
1201;Assistente de Legalizaçăo;Nacional;Construçăo Civil ;2025;;;;;;;;;;;;;;;;
71;Assistente de Marketing;Nacional;Construçăo Civil ;2025;;;;;;;;;;;;;;;;
341;Assistente de Planejamento Financeiro;Nacional;Construçăo Civil ;2025;;;;;;;;;;;;;;;;
77;Assistente de Recursos Humanos;Nacional;Construçăo Civil ;2025;;;;;;;;;;;;;;;;
442;Assistente de Relacionamento;Nacional;Construçăo Civil ;2025;;;;;;;;;;;;;;;;
31;Assistente de Tecnologia da Informaçăo;Nacional;Construçăo Civil ;2025;;;;;;;;;;;;;;;;
79;Assistente Financeiro;Nacional;Construçăo Civil ;2025;;;;;;;;;;;;;;;;
83;Auxiliar Administrativo;Nacional;Construçăo Civil ;2025;;;;;;;;;;;;;;;;
318;"Auxiliar de Atendimento        
";Nacional;Construçăo Civil ;2025;;;;;;;;;;;;;;;;
207;"Auxiliar de Engenharia	";Nacional;Construçăo Civil ;2025;;;;;;;;;;;;;;;;
91;Auxiliar de Serviços Gerais;Nacional;Construçăo Civil ;2025;;;;;;;;;;;;;;;;
95;Controller;Nacional;Construçăo Civil ;2025;;;;;;;;;;;;;;;;
1202;Controller de Obras;Nacional;Construçăo Civil ;2025;;;;;;;;;;;;;;;;
39;Coordenador Administrativo;Nacional;Construçăo Civil ;2025;;;;;;;;;;;;;;;;
41;Coordenador Comercial;Nacional;Construçăo Civil ;2025;;;;;;;;;;;;;;;;
137;Coordenador de Compras;Nacional;Construçăo Civil ;2025;;;;;;;;;;;;;;;;
1203;Coordenador de Legalizaçăo;Nacional;Construçăo Civil ;2025;;;;;;;;;;;;;;;;
56;Coordenador de Marketing;Nacional;Construçăo Civil ;2025;;;;;;;;;;;;;;;;
209;Coordenador de Obras;Nacional;Construçăo Civil ;2025;;;;;;;;;;;;;;;;
597;Coordenador de Planejamento Financeiro;Nacional;Construçăo Civil ;2025;;;;;;;;;;;;;;;;
121;Coordenador de Recursos Humanos;Nacional;Construçăo Civil ;2025;;;;;;;;;;;;;;;;
448;Coordenador de Relacionamento;Nacional;Construçăo Civil ;2025;;;;;;;;;;;;;;;;
76;Coordenador de Tecnologia da Informaçăo;Nacional;Construçăo Civil ;2025;;;;;;;;;;;;;;;;
122;Coordenador Financeiro;Nacional;Construçăo Civil ;2025;;;;;;;;;;;;;;;;
99;"Diretor Administrativo	";Nacional;Construçăo Civil ;2025;;;;;;;;;;;;;;;;
100;Diretor Comercial;Nacional;Construçăo Civil ;2025;;;;;;;;;;;;;;;;
547;Diretor de Incorporaçăo;Nacional;Construçăo Civil ;2025;;;;;;;;;;;;;;;;
400;Diretor de Tecnologia;Nacional;Construçăo Civil ;2025;;;;;;;;;;;;;;;;
338;"Estagiário Administrativo	";Nacional;Construçăo Civil ;2025;;;;;;;;;;;;;;;;
1205;Estagiário de Engenharia Civil;Nacional;Construçăo Civil ;2025;;;;;;;;;;;;;;;;
105;Executivo de Contas;Nacional;Construçăo Civil ;2025;;;;;;;;;;;;;;;;
106;Gerente Administrativo;Nacional;Construçăo Civil ;2025;;;;;;;;;;;;;;;;
107;Gerente Comercial;Nacional;Construçăo Civil ;2025;;;;;;;;;;;;;;;;
109;Gerente de Compras;Nacional;Construçăo Civil ;2025;;;;;;;;;;;;;;;;
213;"Gerente de Engenharia	";Nacional;Construçăo Civil ;2025;;;;;;;;;;;;;;;;
1205;Gerente de Imobiliárias;Nacional;Construçăo Civil ;2025;;;;;;;;;;;;;;;;
548;Gerente de Incorporaçăo;Nacional;Construçăo Civil ;2025;;;;;;;;;;;;;;;;
546;Coordenador de Incorporaçăo;Nacional;Construçăo Civil ;2025;;;;;;;;;;;;;;;;
112;Gerente de Marketing;Nacional;Construçăo Civil ;2025;;;;;;;;;;;;;;;;
451;"Gerente de Negócios	";Nacional;Construçăo Civil ;2025;;;;;;;;;;;;;;;;
342;Gerente de Planejamento Financeiro;Nacional;Construçăo Civil ;2025;;;;;;;;;;;;;;;;
113;Gerente de Recursos Humanos;Nacional;Construçăo Civil ;2025;;;;;;;;;;;;;;;;
408;Gerente de Relacionamento;Nacional;Construçăo Civil ;2025;;;;;;;;;;;;;;;;
63;Gerente de Tecnologia da Informaçăo;Nacional;Construçăo Civil ;2025;;;;;;;;;;;;;;;;
114;Gerente Financeiro;Nacional;Construçăo Civil ;2025;;;;;;;;;;;;;;;;
473;Gerente Técnico de Loteamentos        ;Nacional;Construçăo Civil ;2025;;;;;;;;;;;;;;;;
583;"Supervisor de Negócios	";Nacional;Construçăo Civil ;2025;;;;;;;;;;;;;;;;
588;Supervisor de Obras;Nacional;Construçăo Civil ;2025;;;;;;;;;;;;;;;;
469;Supervisor Financeiro;Nacional;Construçăo Civil ;2025;;;;;;;;;;;;;;;;
269;"Técnico em Edificaçőes	";Nacional;Construçăo Civil ;2025;;;;;;;;;;;;;;;;
587;Servente de Obras;Nacional;Construçăo Civil ;2025;;;;;;;;;;;;;;;;
470;Mestre de Obras;Nacional;Construçăo Civil ;2025;;;;;;;;;;;;;;;;
123;Coordenador de Controladoria;Nacional;Construçăo Civil ;2025;;;;;;;;;;;;;;;;
111;Gerente de Controladoria;Nacional;Construçăo Civil ;2025;;;;;;;;;;;;;;;;
97;Coordenador de Projetos;Nacional;Construçăo Civil ;2025;;;;;;;;;;;;;;;;
544;Assistente de Incorporaçăo;Nacional;Construçăo Civil ;2025;;;;;;;;;;;;;;;;
543;Analista de Incorporaçăo;Nacional;Construçăo Civil ;2025;;;;;;;;;;;;;;;;
124;Técnico em Segurança do Trabalho;Nacional;Construçăo Civil ;2025;;;;;;;;;;;;;;;;
407;Gerente de Produto;Nacional;Construçăo Civil ;2025;;;;;;;;;;;;;;;;
305;Coordenador de Produto;Nacional;Construçăo Civil ;2025;;;;;;;;;;;;;;;;
375;Analista de Produto;Nacional;Construçăo Civil ;2025;;;;;;;;;;;;;;;;
26;Analista de Controladoria;Nacional;Construçăo Civil ;2025;;;;;;;;;;;;;;;;
46;Analista de Negocios;Nacional;Construçăo Civil ;2025;;;;;;;;;;;;;;;;
18;Analista de Projetos;Nacional;Construçăo Civil ;2025;;;;;;;;;;;;;;;;
65;Gerente de Projetos;Nacional;Construçăo Civil ;2025;;;;;;;;;;;;;;;;
91;Auxiliar de Serviços Gerais;Nacional;Educaçăo;2024;;;;;;;;;;;;;;;;
;Coordenador Acadęmico;Nacional;Educaçăo;2024;;;;;;;;;;;;;;;;
;Secretária Escolar;Nacional;Educaçăo;2024;;;;;;;;;;;;;;;;
62;Assistente Comercial;Nacional;Educaçăo;2024;;;;;;;;;;;;;;;;
;Bibliotecário;Nacional;Educaçăo;2024;;;;;;;;;;;;;;;;
;Técnico em Informática;Nacional;Educaçăo;2024;;;;;;;;;;;;;;;;
77;Assistente de Recursos Humanos;Nacional;Educaçăo;2024;;;;;;;;;;;;;;;;
79;Assistente Financeiro;Nacional;Educaçăo;2024;;;;;;;;;;;;;;;;
71;Assistente de Marketing;Nacional;Educaçăo;2024;;;;;;;;;;;;;;;;
;Diretor de Instituiçăo Educacional;Nacional;Educaçăo;2024;;;;;;;;;;;;;;;;
;Professor de Ensino Médio;Nacional;Educaçăo;2024;;;;;;;;;;;;;;;;
;Professor de Ensino Superior;Nacional;Educaçăo;2024;;;;;;;;;;;;;;;;
16;Analista Financeiro;Nacional;Educaçăo;2024;;;;;;;;;;;;;;;;
122;Coordenador Financeiro;Nacional;Educaçăo;2024;;;;;;;;;;;;;;;;
59;Assistente Administrativo;Nacional;Educaçăo;2024;;;;;;;;;;;;;;;;
;Assistente de Ensino;Nacional;Educaçăo;2024;;;;;;;;;;;;;;;;
;Auxiliar de Infraestrutura Predial;Nacional;Educaçăo;2024;;;;;;;;;;;;;;;;
41;Coordenador Comercial;Nacional;Educaçăo;2024;;;;;;;;;;;;;;;;
;Professor de Pós-graduaçăo;Nacional;Educaçăo;2024;;;;;;;;;;;;;;;;
13;Analista Administrativo;Nacional;Educaçăo;2024;;;;;;;;;;;;;;;;
52;Analista de Recursos Humanos;Nacional;Educaçăo;2024;;;;;;;;;;;;;;;;
132;Coordenador de Infraestrutura de TI;Nacional;Educaçăo;2024;;;;;;;;;;;;;;;;
;Professor de Educaçăo Infantil;Nacional;Educaçăo;2024;;;;;;;;;;;;;;;;
;Professor de Ensino Fundamental - Anos finais;Nacional;Educaçăo;2024;;;;;;;;;;;;;;;;
;Professor de Ensino Fundamental - Anos iniciais;Nacional;Educaçăo;2024;;;;;;;;;;;;;;;;
203;Almoxarife;Nacional;Educaçăo;2024;;;;;;;;;;;;;;;;
42;Analista de Marketing;Nacional;Educaçăo;2024;;;;;;;;;;;;;;;;
22;Analista de Sistemas;Nacional;Educaçăo;2024;;;;;;;;;;;;;;;;
83;Auxiliar Administrativo;Nacional;Educaçăo;2024;;;;;;;;;;;;;;;;
121;Coordenador de Recursos Humanos;Nacional;Educaçăo;2024;;;;;;;;;;;;;;;;
619;Cozinheiro;Nacional;Educaçăo;2024;;;;;;;;;;;;;;;;
399;Designer;Nacional;Educaçăo;2024;;;;;;;;;;;;;;;;
19;Analista Comercial;Nacional;Educaçăo;2024;;;;;;;;;;;;;;;;
21;Analista Contábil;Nacional;Educaçăo;2024;;;;;;;;;;;;;;;;
25;Analista de Atendimento e Suporte;Nacional;Educaçăo;2024;;;;;;;;;;;;;;;;
28;Analista de Departamento Pessoal;Nacional;Educaçăo;2024;;;;;;;;;;;;;;;;
15;Analista de Infraestrutura de TI;Nacional;Educaçăo;2024;;;;;;;;;;;;;;;;
190;Analista de Planejamento Financeiro;Nacional;Educaçăo;2024;;;;;;;;;;;;;;;;
67;Assistente de Compras;Nacional;Educaçăo;2024;;;;;;;;;;;;;;;;
;Assistente de Laboratório;Nacional;Educaçăo;2024;;;;;;;;;;;;;;;;
;Assistente Social;Nacional;Educaçăo;2024;;;;;;;;;;;;;;;;
;Auxiliar de Ensino;Nacional;Educaçăo;2024;;;;;;;;;;;;;;;;
39;Coordenador Administrativo;Nacional;Educaçăo;2024;;;;;;;;;;;;;;;;
99;Diretor Administrativo;Nacional;Educaçăo;2024;;;;;;;;;;;;;;;;
878;Gerente de Manutençăo;Nacional;Educaçăo;2024;;;;;;;;;;;;;;;;
;Monitor Escolar;Nacional;Educaçăo;2024;;;;;;;;;;;;;;;;
151;Motorista;Nacional;Educaçăo;2024;;;;;;;;;;;;;;;;
661;Vigilante;Nacional;Educaçăo;2024;;;;;;;;;;;;;;;;
50;Analista de Qualidade e Processos;Nacional;Educaçăo;2024;;;;;;;;;;;;;;;;
177;Analista Educacional;Nacional;Educaçăo;2024;;;;;;;;;;;;;;;;
;Assessor Acadęmico;Nacional;Educaçăo;2024;;;;;;;;;;;;;;;;
;Assessor de Imprensa;Nacional;Educaçăo;2024;;;;;;;;;;;;;;;;
273;Assistente Contábil;Nacional;Educaçăo;2024;;;;;;;;;;;;;;;;
75;Assistente de Qualidade e Processos;Nacional;Educaçăo;2024;;;;;;;;;;;;;;;;
;Assistente Pedagógico;Nacional;Educaçăo;2024;;;;;;;;;;;;;;;;
93;Comprador;Nacional;Educaçăo;2024;;;;;;;;;;;;;;;;
94;Contador;Nacional;Educaçăo;2024;;;;;;;;;;;;;;;;
47;Coordenador de Atendimento e Suporte;Nacional;Educaçăo;2024;;;;;;;;;;;;;;;;
;Coordenador de Educaçăo Corporativa;Nacional;Educaçăo;2024;;;;;;;;;;;;;;;;
863;Coordenador de Manutençăo;Nacional;Educaçăo;2024;;;;;;;;;;;;;;;;
120;Coordenador de Qualidade e Processos;Nacional;Educaçăo;2024;;;;;;;;;;;;;;;;
;Coordenador Pedagógico;Nacional;Educaçăo;2024;;;;;;;;;;;;;;;;
1;Desenvolvedor;Nacional;Educaçăo;2024;;;;;;;;;;;;;;;;
820;Encarregado de Manutençăo;Nacional;Educaçăo;2024;;;;;;;;;;;;;;;;
112;Gerente de Marketing;Nacional;Educaçăo;2024;;;;;;;;;;;;;;;;
114;Gerente Financeiro;Nacional;Educaçăo;2024;;;;;;;;;;;;;;;;
;Orientador Educacional;Nacional;Educaçăo;2024;;;;;;;;;;;;;;;;
586;Pedreiro;Nacional;Educaçăo;2024;;;;;;;;;;;;;;;;
;Pró-Reitor de Ensino e Extensăo;Nacional;Educaçăo;2024;;;;;;;;;;;;;;;;
833;Produtor Audiovisual;Nacional;Educaçăo;2024;;;;;;;;;;;;;;;;
;Psicopedagogo;Nacional;Educaçăo;2024;;;;;;;;;;;;;;;;
;Reitor;Nacional;Educaçăo;2024;;;;;;;;;;;;;;;;
;Técnico em Mecânica;Nacional;Educaçăo;2024;;;;;;;;;;;;;;;;
124;Técnico em Segurança do Trabalho;Nacional;Educaçăo;2024;;;;;;;;;;;;;;;;
274;Coordenador Contábil;Nacional;Educaçăo;2024;;;;;;;;;;;;;;;;
56;Coordenador de Marketing;Nacional;Educaçăo;2024;;;;;;;;;;;;;;;;
146;Designer Instrucional;Nacional;Educaçăo;2024;;;;;;;;;;;;;;;;
106;Gerente Administrativo;Nacional;Educaçăo;2024;;;;;;;;;;;;;;;;
107;Gerente Comercial;Nacional;Educaçăo;2024;;;;;;;;;;;;;;;;
;Pintor;Nacional;Educaçăo;2024;;;;;;;;;;;;;;;;
417;Técnico em Eletrotécnica;Nacional;Educaçăo;2024;;;;;;;;;;;;;;;;
;Gerente de Segurança Patrimonial;Nacional;Educaçăo;2024;;;;;;;;;;;;;;;;
;Professor Educaçăo Especial;Nacional;Educaçăo;2024;;;;;;;;;;;;;;;;
;;;;;;;;;;;;;;;;;;;;
;;;;;;;;;;;;;;;;;;;;
;;;;;;;;;;;;;;;;;;;;
;;;;;;;;;;;;;;;;;;;;
;;;;;;;;;;;;;;;;;;;;
;;;;;;;;;;;;;;;;;;;;
;;;;;;;;;;;;;;;;;;;;
;;;;;;;;;;;;;;;;;;;;
;;;;;;;;;;;;;;;;;;;;
;;;;;;;;;;;;;;;;;;;;
;;;;;;;;;;;;;;;;;;;;
;;;;;;;;;;;;;;;;;;;;
;;;;;;;;;;;;;;;;;;;;
;;;;;;;;;;;;;;;;;;;;
;;;;;;;;;;;;;;;;;;;;
;;;;;;;;;;;;;;;;;;;;
;;;;;;;;;;;;;;;;;;;;
;;;;;;;;;;;;;;;;;;;;
;;;;;;;;;;;;;;;;;;;;
;;;;;;;;;;;;;;;;;;;;
;;;;;;;;;;;;;;;;;;;;
;;;;;;;;;;;;;;;;;;;;
;;;;;;;;;;;;;;;;;;;;
;;;;;;;;;;;;;;;;;;;;
;;;;;;;;;;;;;;;;;;;;
;;;;;;;;;;;;;;;;;;;;
;;;;;;;;;;;;;;;;;;;;
;;;;;;;;;;;;;;;;;;;;
;;;;;;;;;;;;;;;;;;;;
;;;;;;;;;;;;;;;;;;;;
;;;;;;;;;;;;;;;;;;;;
;;;;;;;;;;;;;;;;;;;;
;;;;;;;;;;;;;;;;;;;;
;;;;;;;;;;;;;;;;;;;;
;;;;;;;;;;;;;;;;;;;;
;;;;;;;;;;;;;;;;;;;;
;;;;;;;;;;;;;;;;;;;;
;;;;;;;;;;;;;;;;;;;;
;;;;;;;;;;;;;;;;;;;;
;;;;;;;;;;;;;;;;;;;;
;;;;;;;;;;;;;;;;;;;;
;;;;;;;;;;;;;;;;;;;;
;;;;;;;;;;;;;;;;;;;;
;;;;;;;;;;;;;;;;;;;;
;;;;;;;;;;;;;;;;;;;;
;;;;;;;;;;;;;;;;;;;;
;;;;;;;;;;;;;;;;;;;;
;;;;;;;;;;;;;;;;;;;;
;;;;;;;;;;;;;;;;;;;;
;;;;;;;;;;;;;;;;;;;;
;;;;;;;;;;;;;;;;;;;;
;;;;;;;;;;;;;;;;;;;;
;;;;;;;;;;;;;;;;;;;;
;;;;;;;;;;;;;;;;;;;;
;;;;;;;;;;;;;;;;;;;;
;;;;;;;;;;;;;;;;;;;;
;;;;;;;;;;;;;;;;;;;;
;;;;;;;;;;;;;;;;;;;;
;;;;;;;;;;;;;;;;;;;;
;;;;;;;;;;;;;;;;;;;;
;;;;;;;;;;;;;;;;;;;;
;;;;;;;;;;;;;;;;;;;;
;;;;;;;;;;;;;;;;;;;;
;;;;;;;;;;;;;;;;;;;;
;;;;;;;;;;;;;;;;;;;;
;;;;;;;;;;;;;;;;;;;;
;;;;;;;;;;;;;;;;;;;;
;;;;;;;;;;;;;;;;;;;;
;;;;;;;;;;;;;;;;;;;;
;;;;;;;;;;;;;;;;;;;;
;;;;;;;;;;;;;;;;;;;;
;;;;;;;;;;;;;;;;;;;;
;;;;;;;;;;;;;;;;;;;;
;;;;;;;;;;;;;;;;;;;;
;;;;;;;;;;;;;;;;;;;;
;;;;;;;;;;;;;;;;;;;;
;;;;;;;;;;;;;;;;;;;;
;;;;;;;;;;;;;;;;;;;;
;;;;;;;;;;;;;;;;;;;;
;;;;;;;;;;;;;;;;;;;;
;;;;;;;;;;;;;;;;;;;;
;;;;;;;;;;;;;;;;;;;;
;;;;;;;;;;;;;;;;;;;;
;;;;;;;;;;;;;;;;;;;;
;;;;;;;;;;;;;;;;;;;;
;;;;;;;;;;;;;;;;;;;;
;;;;;;;;;;;;;;;;;;;;
;;;;;;;;;;;;;;;;;;;;
;;;;;;;;;;;;;;;;;;;;
;;;;;;;;;;;;;;;;;;;;
;;;;;;;;;;;;;;;;;;;;
;;;;;;;;;;;;;;;;;;;;
;;;;;;;;;;;;;;;;;;;;
;;;;;;;;;;;;;;;;;;;;
;;;;;;;;;;;;;;;;;;;;
;;;;;;;;;;;;;;;;;;;;
;;;;;;;;;;;;;;;;;;;;
;;;;;;;;;;;;;;;;;;;;
;;;;;;;;;;;;;;;;;;;;
;;;;;;;;;;;;;;;;;;;;
;;;;;;;;;;;;;;;;;;;;
;;;;;;;;;;;;;;;;;;;;
;;;;;;;;;;;;;;;;;;;;
;;;;;;;;;;;;;;;;;;;;
;;;;;;;;;;;;;;;;;;;;
;;;;;;;;;;;;;;;;;;;;
;;;;;;;;;;;;;;;;;;;;
;;;;;;;;;;;;;;;;;;;;
;;;;;;;;;;;;;;;;;;;;
;;;;;;;;;;;;;;;;;;;;
;;;;;;;;;;;;;;;;;;;;
;;;;;;;;;;;;;;;;;;;;
;;;;;;;;;;;;;;;;;;;;
;;;;;;;;;;;;;;;;;;;;
;;;;;;;;;;;;;;;;;;;;
;;;;;;;;;;;;;;;;;;;;
;;;;;;;;;;;;;;;;;;;;
;;;;;;;;;;;;;;;;;;;;
;;;;;;;;;;;;;;;;;;;;
;;;;;;;;;;;;;;;;;;;;
;;;;;;;;;;;;;;;;;;;;
;;;;;;;;;;;;;;;;;;;;
;;;;;;;;;;;;;;;;;;;;
;;;;;;;;;;;;;;;;;;;;
;;;;;;;;;;;;;;;;;;;;
;;;;;;;;;;;;;;;;;;;;
;;;;;;;;;;;;;;;;;;;;
;;;;;;;;;;;;;;;;;;;;
;;;;;;;;;;;;;;;;;;;;
;;;;;;;;;;;;;;;;;;;;
;;;;;;;;;;;;;;;;;;;;
;;;;;;;;;;;;;;;;;;;;
;;;;;;;;;;;;;;;;;;;;
;;;;;;;;;;;;;;;;;;;;
;;;;;;;;;;;;;;;;;;;;
;;;;;;;;;;;;;;;;;;;;
;;;;;;;;;;;;;;;;;;;;
;;;;;;;;;;;;;;;;;;;;
;;;;;;;;;;;;;;;;;;;;
;;;;;;;;;;;;;;;;;;;;
;;;;;;;;;;;;;;;;;;;;
;;;;;;;;;;;;;;;;;;;;
;;;;;;;;;;;;;;;;;;;;
;;;;;;;;;;;;;;;;;;;;
;;;;;;;;;;;;;;;;;;;;
;;;;;;;;;;;;;;;;;;;;
;;;;;;;;;;;;;;;;;;;;
;;;;;;;;;;;;;;;;;;;;
;;;;;;;;;;;;;;;;;;;;
;;;;;;;;;;;;;;;;;;;;
;;;;;;;;;;;;;;;;;;;;
;;;;;;;;;;;;;;;;;;;;
;;;;;;;;;;;;;;;;;;;;
;;;;;;;;;;;;;;;;;;;;
;;;;;;;;;;;;;;;;;;;;
;;;;;;;;;;;;;;;;;;;;
;;;;;;;;;;;;;;;;;;;;
;;;;;;;;;;;;;;;;;;;;
;;;;;;;;;;;;;;;;;;;;
;;;;;;;;;;;;;;;;;;;;
;;;;;;;;;;;;;;;;;;;;
;;;;;;;;;;;;;;;;;;;;
;;;;;;;;;;;;;;;;;;;;
;;;;;;;;;;;;;;;;;;;;
;;;;;;;;;;;;;;;;;;;;
;;;;;;;;;;;;;;;;;;;;
;;;;;;;;;;;;;;;;;;;;
;;;;;;;;;;;;;;;;;;;;
;;;;;;;;;;;;;;;;;;;;
;;;;;;;;;;;;;;;;;;;;
;;;;;;;;;;;;;;;;;;;;
;;;;;;;;;;;;;;;;;;;;
;;;;;;;;;;;;;;;;;;;;
;;;;;;;;;;;;;;;;;;;;
;;;;;;;;;;;;;;;;;;;;
;;;;;;;;;;;;;;;;;;;;
;;;;;;;;;;;;;;;;;;;;
;;;;;;;;;;;;;;;;;;;;
;;;;;;;;;;;;;;;;;;;;
;;;;;;;;;;;;;;;;;;;;
;;;;;;;;;;;;;;;;;;;;
;;;;;;;;;;;;;;;;;;;;
;;;;;;;;;;;;;;;;;;;;
;;;;;;;;;;;;;;;;;;;;
;;;;;;;;;;;;;;;;;;;;
;;;;;;;;;;;;;;;;;;;;
;;;;;;;;;;;;;;;;;;;;
;;;;;;;;;;;;;;;;;;;;
;;;;;;;;;;;;;;;;;;;;
;;;;;;;;;;;;;;;;;;;;
;;;;;;;;;;;;;;;;;;;;
;;;;;;;;;;;;;;;;;;;;
;;;;;;;;;;;;;;;;;;;;
;;;;;;;;;;;;;;;;;;;;
;;;;;;;;;;;;;;;;;;;;
;;;;;;;;;;;;;;;;;;;;
;;;;;;;;;;;;;;;;;;;;
;;;;;;;;;;;;;;;;;;;;
;;;;;;;;;;;;;;;;;;;;
;;;;;;;;;;;;;;;;;;;;
;;;;;;;;;;;;;;;;;;;;
;;;;;;;;;;;;;;;;;;;;
;;;;;;;;;;;;;;;;;;;;
;;;;;;;;;;;;;;;;;;;;
;;;;;;;;;;;;;;;;;;;;
;;;;;;;;;;;;;;;;;;;;
;;;;;;;;;;;;;;;;;;;;
;;;;;;;;;;;;;;;;;;;;
;;;;;;;;;;;;;;;;;;;;
;;;;;;;;;;;;;;;;;;;;
;;;;;;;;;;;;;;;;;;;;
;;;;;;;;;;;;;;;;;;;;
;;;;;;;;;;;;;;;;;;;;
;;;;;;;;;;;;;;;;;;;;
;;;;;;;;;;;;;;;;;;;;
;;;;;;;;;;;;;;;;;;;;
;;;;;;;;;;;;;;;;;;;;
;;;;;;;;;;;;;;;;;;;;
;;;;;;;;;;;;;;;;;;;;
;;;;;;;;;;;;;;;;;;;;
;;;;;;;;;;;;;;;;;;;;
;;;;;;;;;;;;;;;;;;;;
;;;;;;;;;;;;;;;;;;;;
;;;;;;;;;;;;;;;;;;;;
;;;;;;;;;;;;;;;;;;;;
;;;;;;;;;;;;;;;;;;;;
;;;;;;;;;;;;;;;;;;;;
;;;;;;;;;;;;;;;;;;;;
;;;;;;;;;;;;;;;;;;;;
;;;;;;;;;;;;;;;;;;;;
;;;;;;;;;;;;;;;;;;;;
;;;;;;;;;;;;;;;;;;;;
;;;;;;;;;;;;;;;;;;;;
;;;;;;;;;;;;;;;;;;;;
;;;;;;;;;;;;;;;;;;;;
;;;;;;;;;;;;;;;;;;;;
;;;;;;;;;;;;;;;;;;;;
;;;;;;;;;;;;;;;;;;;;
;;;;;;;;;;;;;;;;;;;;
;;;;;;;;;;;;;;;;;;;;
;;;;;;;;;;;;;;;;;;;;
;;;;;;;;;;;;;;;;;;;;
;;;;;;;;;;;;;;;;;;;;
;;;;;;;;;;;;;;;;;;;;
;;;;;;;;;;;;;;;;;;;;
;;;;;;;;;;;;;;;;;;;;
;;;;;;;;;;;;;;;;;;;;
;;;;;;;;;;;;;;;;;;;;
;;;;;;;;;;;;;;;;;;;;
;;;;;;;;;;;;;;;;;;;;
;;;;;;;;;;;;;;;;;;;;
;;;;;;;;;;;;;;;;;;;;
;;;;;;;;;;;;;;;;;;;;
;;;;;;;;;;;;;;;;;;;;
;;;;;;;;;;;;;;;;;;;;
;;;;;;;;;;;;;;;;;;;;
;;;;;;;;;;;;;;;;;;;;
;;;;;;;;;;;;;;;;;;;;
;;;;;;;;;;;;;;;;;;;;
;;;;;;;;;;;;;;;;;;;;
;;;;;;;;;;;;;;;;;;;;
;;;;;;;;;;;;;;;;;;;;
;;;;;;;;;;;;;;;;;;;;
;;;;;;;;;;;;;;;;;;;;
;;;;;;;;;;;;;;;;;;;;
;;;;;;;;;;;;;;;;;;;;
;;;;;;;;;;;;;;;;;;;;
;;;;;;;;;;;;;;;;;;;;
;;;;;;;;;;;;;;;;;;;;
;;;;;;;;;;;;;;;;;;;;
;;;;;;;;;;;;;;;;;;;;
;;;;;;;;;;;;;;;;;;;;
;;;;;;;;;;;;;;;;;;;;
;;;;;;;;;;;;;;;;;;;;
;;;;;;;;;;;;;;;;;;;;
;;;;;;;;;;;;;;;;;;;;
;;;;;;;;;;;;;;;;;;;;
;;;;;;;;;;;;;;;;;;;;
;;;;;;;;;;;;;;;;;;;;
;;;;;;;;;;;;;;;;;;;;
;;;;;;;;;;;;;;;;;;;;
;;;;;;;;;;;;;;;;;;;;
;;;;;;;;;;;;;;;;;;;;
;;;;;;;;;;;;;;;;;;;;
;;;;;;;;;;;;;;;;;;;;
;;;;;;;;;;;;;;;;;;;;
;;;;;;;;;;;;;;;;;;;;
;;;;;;;;;;;;;;;;;;;;
;;;;;;;;;;;;;;;;;;;;
;;;;;;;;;;;;;;;;;;;;
;;;;;;;;;;;;;;;;;;;;
;;;;;;;;;;;;;;;;;;;;
;;;;;;;;;;;;;;;;;;;;
;;;;;;;;;;;;;;;;;;;;
;;;;;;;;;;;;;;;;;;;;
;;;;;;;;;;;;;;;;;;;;
;;;;;;;;;;;;;;;;;;;;
;;;;;;;;;;;;;;;;;;;;
;;;;;;;;;;;;;;;;;;;;
;;;;;;;;;;;;;;;;;;;;
;;;;;;;;;;;;;;;;;;;;
;;;;;;;;;;;;;;;;;;;;
;;;;;;;;;;;;;;;;;;;;
;;;;;;;;;;;;;;;;;;;;
;;;;;;;;;;;;;;;;;;;;
;;;;;;;;;;;;;;;;;;;;
;;;;;;;;;;;;;;;;;;;;
;;;;;;;;;;;;;;;;;;;;
;;;;;;;;;;;;;;;;;;;;
;;;;;;;;;;;;;;;;;;;;
;;;;;;;;;;;;;;;;;;;;
;;;;;;;;;;;;;;;;;;;;
;;;;;;;;;;;;;;;;;;;;
;;;;;;;;;;;;;;;;;;;;
;;;;;;;;;;;;;;;;;;;;
;;;;;;;;;;;;;;;;;;;;
;;;;;;;;;;;;;;;;;;;;
;;;;;;;;;;;;;;;;;;;;
;;;;;;;;;;;;;;;;;;;;
;;;;;;;;;;;;;;;;;;;;
;;;;;;;;;;;;;;;;;;;;
;;;;;;;;;;;;;;;;;;;;
;;;;;;;;;;;;;;;;;;;;
;;;;;;;;;;;;;;;;;;;;
;;;;;;;;;;;;;;;;;;;;
;;;;;;;;;;;;;;;;;;;;
;;;;;;;;;;;;;;;;;;;;
;;;;;;;;;;;;;;;;;;;;
;;;;;;;;;;;;;;;;;;;;
;;;;;;;;;;;;;;;;;;;;
;;;;;;;;;;;;;;;;;;;;
;;;;;;;;;;;;;;;;;;;;
;;;;;;;;;;;;;;;;;;;;
;;;;;;;;;;;;;;;;;;;;
;;;;;;;;;;;;;;;;;;;;
;;;;;;;;;;;;;;;;;;;;
;;;;;;;;;;;;;;;;;;;;
;;;;;;;;;;;;;;;;;;;;
;;;;;;;;;;;;;;;;;;;;
;;;;;;;;;;;;;;;;;;;;
;;;;;;;;;;;;;;;;;;;;
;;;;;;;;;;;;;;;;;;;;
;;;;;;;;;;;;;;;;;;;;
;;;;;;;;;;;;;;;;;;;;
;;;;;;;;;;;;;;;;;;;;
;;;;;;;;;;;;;;;;;;;;
;;;;;;;;;;;;;;;;;;;;
;;;;;;;;;;;;;;;;;;;;
;;;;;;;;;;;;;;;;;;;;
;;;;;;;;;;;;;;;;;;;;
;;;;;;;;;;;;;;;;;;;;
;;;;;;;;;;;;;;;;;;;;
;;;;;;;;;;;;;;;;;;;;
;;;;;;;;;;;;;;;;;;;;
;;;;;;;;;;;;;;;;;;;;
;;;;;;;;;;;;;;;;;;;;
;;;;;;;;;;;;;;;;;;;;
;;;;;;;;;;;;;;;;;;;;
;;;;;;;;;;;;;;;;;;;;
;;;;;;;;;;;;;;;;;;;;
;;;;;;;;;;;;;;;;;;;;
;;;;;;;;;;;;;;;;;;;;
;;;;;;;;;;;;;;;;;;;;
;;;;;;;;;;;;;;;;;;;;
;;;;;;;;;;;;;;;;;;;;
;;;;;;;;;;;;;;;;;;;;
;;;;;;;;;;;;;;;;;;;;
;;;;;;;;;;;;;;;;;;;;
;;;;;;;;;;;;;;;;;;;;
;;;;;;;;;;;;;;;;;;;;
;;;;;;;;;;;;;;;;;;;;
;;;;;;;;;;;;;;;;;;;;
;;;;;;;;;;;;;;;;;;;;
;;;;;;;;;;;;;;;;;;;;
;;;;;;;;;;;;;;;;;;;;
;;;;;;;;;;;;;;;;;;;;
;;;;;;;;;;;;;;;;;;;;
;;;;;;;;;;;;;;;;;;;;
;;;;;;;;;;;;;;;;;;;;
;;;;;;;;;;;;;;;;;;;;
;;;;;;;;;;;;;;;;;;;;
;;;;;;;;;;;;;;;;;;;;
;;;;;;;;;;;;;;;;;;;;
;;;;;;;;;;;;;;;;;;;;
;;;;;;;;;;;;;;;;;;;;
;;;;;;;;;;;;;;;;;;;;
;;;;;;;;;;;;;;;;;;;;
;;;;;;;;;;;;;;;;;;;;
;;;;;;;;;;;;;;;;;;;;
;;;;;;;;;;;;;;;;;;;;
;;;;;;;;;;;;;;;;;;;;
;;;;;;;;;;;;;;;;;;;;
;;;;;;;;;;;;;;;;;;;;
;;;;;;;;;;;;;;;;;;;;
;;;;;;;;;;;;;;;;;;;;
;;;;;;;;;;;;;;;;;;;;
;;;;;;;;;;;;;;;;;;;;
;;;;;;;;;;;;;;;;;;;;
;;;;;;;;;;;;;;;;;;;;
;;;;;;;;;;;;;;;;;;;;
;;;;;;;;;;;;;;;;;;;;
;;;;;;;;;;;;;;;;;;;;
;;;;;;;;;;;;;;;;;;;;
;;;;;;;;;;;;;;;;;;;;
;;;;;;;;;;;;;;;;;;;;
;;;;;;;;;;;;;;;;;;;;
;;;;;;;;;;;;;;;;;;;;
;;;;;;;;;;;;;;;;;;;;
;;;;;;;;;;;;;;;;;;;;
;;;;;;;;;;;;;;;;;;;;
;;;;;;;;;;;;;;;;;;;;
;;;;;;;;;;;;;;;;;;;;
;;;;;;;;;;;;;;;;;;;;
;;;;;;;;;;;;;;;;;;;;
;;;;;;;;;;;;;;;;;;;;
;;;;;;;;;;;;;;;;;;;;
;;;;;;;;;;;;;;;;;;;;
;;;;;;;;;;;;;;;;;;;;
;;;;;;;;;;;;;;;;;;;;
;;;;;;;;;;;;;;;;;;;;
;;;;;;;;;;;;;;;;;;;;
;;;;;;;;;;;;;;;;;;;;
;;;;;;;;;;;;;;;;;;;;
;;;;;;;;;;;;;;;;;;;;
;;;;;;;;;;;;;;;;;;;;
;;;;;;;;;;;;;;;;;;;;
;;;;;;;;;;;;;;;;;;;;
;;;;;;;;;;;;;;;;;;;;
;;;;;;;;;;;;;;;;;;;;
;;;;;;;;;;;;;;;;;;;;
;;;;;;;;;;;;;;;;;;;;
;;;;;;;;;;;;;;;;;;;;
;;;;;;;;;;;;;;;;;;;;
;;;;;;;;;;;;;;;;;;;;
;;;;;;;;;;;;;;;;;;;;
;;;;;;;;;;;;;;;;;;;;
;;;;;;;;;;;;;;;;;;;;
;;;;;;;;;;;;;;;;;;;;
;;;;;;;;;;;;;;;;;;;;
;;;;;;;;;;;;;;;;;;;;
;;;;;;;;;;;;;;;;;;;;
;;;;;;;;;;;;;;;;;;;;
;;;;;;;;;;;;;;;;;;;;
;;;;;;;;;;;;;;;;;;;;
;;;;;;;;;;;;;;;;;;;;
;;;;;;;;;;;;;;;;;;;;
;;;;;;;;;;;;;;;;;;;;
;;;;;;;;;;;;;;;;;;;;
;;;;;;;;;;;;;;;;;;;;
;;;;;;;;;;;;;;;;;;;;
;;;;;;;;;;;;;;;;;;;;
;;;;;;;;;;;;;;;;;;;;
;;;;;;;;;;;;;;;;;;;;
;;;;;;;;;;;;;;;;;;;;
;;;;;;;;;;;;;;;;;;;;
;;;;;;;;;;;;;;;;;;;;
;;;;;;;;;;;;;;;;;;;;
;;;;;;;;;;;;;;;;;;;;
;;;;;;;;;;;;;;;;;;;;
;;;;;;;;;;;;;;;;;;;;
;;;;;;;;;;;;;;;;;;;;
;;;;;;;;;;;;;;;;;;;;
;;;;;;;;;;;;;;;;;;;;
;;;;;;;;;;;;;;;;;;;;
;;;;;;;;;;;;;;;;;;;;
;;;;;;;;;;;;;;;;;;;;
;;;;;;;;;;;;;;;;;;;;
;;;;;;;;;;;;;;;;;;;;
;;;;;;;;;;;;;;;;;;;;
;;;;;;;;;;;;;;;;;;;;
;;;;;;;;;;;;;;;;;;;;
;;;;;;;;;;;;;;;;;;;;
;;;;;;;;;;;;;;;;;;;;
;;;;;;;;;;;;;;;;;;;;
;;;;;;;;;;;;;;;;;;;;
;;;;;;;;;;;;;;;;;;;;
;;;;;;;;;;;;;;;;;;;;
;;;;;;;;;;;;;;;;;;;;
;;;;;;;;;;;;;;;;;;;;
;;;;;;;;;;;;;;;;;;;;
;;;;;;;;;;;;;;;;;;;;
;;;;;;;;;;;;;;;;;;;;
;;;;;;;;;;;;;;;;;;;;
;;;;;;;;;;;;;;;;;;;;
;;;;;;;;;;;;;;;;;;;;
;;;;;;;;;;;;;;;;;;;;
;;;;;;;;;;;;;;;;;;;;
;;;;;;;;;;;;;;;;;;;;
;;;;;;;;;;;;;;;;;;;;
;;;;;;;;;;;;;;;;;;;;
;;;;;;;;;;;;;;;;;;;;
;;;;;;;;;;;;;;;;;;;;
;;;;;;;;;;;;;;;;;;;;
;;;;;;;;;;;;;;;;;;;;
;;;;;;;;;;;;;;;;;;;;
;;;;;;;;;;;;;;;;;;;;
;;;;;;;;;;;;;;;;;;;;
;;;;;;;;;;;;;;;;;;;;
;;;;;;;;;;;;;;;;;;;;
;;;;;;;;;;;;;;;;;;;;
;;;;;;;;;;;;;;;;;;;;
;;;;;;;;;;;;;;;;;;;;
;;;;;;;;;;;;;;;;;;;;
;;;;;;;;;;;;;;;;;;;;
;;;;;;;;;;;;;;;;;;;;
;;;;;;;;;;;;;;;;;;;;
;;;;;;;;;;;;;;;;;;;;
;;;;;;;;;;;;;;;;;;;;
;;;;;;;;;;;;;;;;;;;;
;;;;;;;;;;;;;;;;;;;;
;;;;;;;;;;;;;;;;;;;;
;;;;;;;;;;;;;;;;;;;;
;;;;;;;;;;;;;;;;;;;;
;;;;;;;;;;;;;;;;;;;;
;;;;;;;;;;;;;;;;;;;;
;;;;;;;;;;;;;;;;;;;;
;;;;;;;;;;;;;;;;;;;;
;;;;;;;;;;;;;;;;;;;;
;;;;;;;;;;;;;;;;;;;;
;;;;;;;;;;;;;;;;;;;;
;;;;;;;;;;;;;;;;;;;;
;;;;;;;;;;;;;;;;;;;;
;;;;;;;;;;;;;;;;;;;;
;;;;;;;;;;;;;;;;;;;;
;;;;;;;;;;;;;;;;;;;;
;;;;;;;;;;;;;;;;;;;;
;;;;;;;;;;;;;;;;;;;;
;;;;;;;;;;;;;;;;;;;;
;;;;;;;;;;;;;;;;;;;;
;;;;;;;;;;;;;;;;;;;;
;;;;;;;;;;;;;;;;;;;;
;;;;;;;;;;;;;;;;;;;;
;;;;;;;;;;;;;;;;;;;;
;;;;;;;;;;;;;;;;;;;;
;;;;;;;;;;;;;;;;;;;;
;;;;;;;;;;;;;;;;;;;;
;;;;;;;;;;;;;;;;;;;;
;;;;;;;;;;;;;;;;;;;;
;;;;;;;;;;;;;;;;;;;;
;;;;;;;;;;;;;;;;;;;;
;;;;;;;;;;;;;;;;;;;;
;;;;;;;;;;;;;;;;;;;;
;;;;;;;;;;;;;;;;;;;;
;;;;;;;;;;;;;;;;;;;;
;;;;;;;;;;;;;;;;;;;;
;;;;;;;;;;;;;;;;;;;;
;;;;;;;;;;;;;;;;;;;;
;;;;;;;;;;;;;;;;;;;;
;;;;;;;;;;;;;;;;;;;;
;;;;;;;;;;;;;;;;;;;;
;;;;;;;;;;;;;;;;;;;;
;;;;;;;;;;;;;;;;;;;;
;;;;;;;;;;;;;;;;;;;;
;;;;;;;;;;;;;;;;;;;;
;;;;;;;;;;;;;;;;;;;;
;;;;;;;;;;;;;;;;;;;;
;;;;;;;;;;;;;;;;;;;;
;;;;;;;;;;;;;;;;;;;;
;;;;;;;;;;;;;;;;;;;;
;;;;;;;;;;;;;;;;;;;;
;;;;;;;;;;;;;;;;;;;;
;;;;;;;;;;;;;;;;;;;;
;;;;;;;;;;;;;;;;;;;;
;;;;;;;;;;;;;;;;;;;;
;;;;;;;;;;;;;;;;;;;;
;;;;;;;;;;;;;;;;;;;;
;;;;;;;;;;;;;;;;;;;;
;;;;;;;;;;;;;;;;;;;;
;;;;;;;;;;;;;;;;;;;;
;;;;;;;;;;;;;;;;;;;;
;;;;;;;;;;;;;;;;;;;;
;;;;;;;;;;;;;;;;;;;;
;;;;;;;;;;;;;;;;;;;;
;;;;;;;;;;;;;;;;;;;;
;;;;;;;;;;;;;;;;;;;;
;;;;;;;;;;;;;;;;;;;;
;;;;;;;;;;;;;;;;;;;;
;;;;;;;;;;;;;;;;;;;;
;;;;;;;;;;;;;;;;;;;;
;;;;;;;;;;;;;;;;;;;;
;;;;;;;;;;;;;;;;;;;;
;;;;;;;;;;;;;;;;;;;;
;;;;;;;;;;;;;;;;;;;;
;;;;;;;;;;;;;;;;;;;;
;;;;;;;;;;;;;;;;;;;;
;;;;;;;;;;;;;;;;;;;;
;;;;;;;;;;;;;;;;;;;;
;;;;;;;;;;;;;;;;;;;;
;;;;;;;;;;;;;;;;;;;;
;;;;;;;;;;;;;;;;;;;;
;;;;;;;;;;;;;;;;;;;;
;;;;;;;;;;;;;;;;;;;;
;;;;;;;;;;;;;;;;;;;;
;;;;;;;;;;;;;;;;;;;;
;;;;;;;;;;;;;;;;;;;;
;;;;;;;;;;;;;;;;;;;;
;;;;;;;;;;;;;;;;;;;;
;;;;;;;;;;;;;;;;;;;;
;;;;;;;;;;;;;;;;;;;;
;;;;;;;;;;;;;;;;;;;;
;;;;;;;;;;;;;;;;;;;;
;;;;;;;;;;;;;;;;;;;;
;;;;;;;;;;;;;;;;;;;;
;;;;;;;;;;;;;;;;;;;;
;;;;;;;;;;;;;;;;;;;;
;;;;;;;;;;;;;;;;;;;;
;;;;;;;;;;;;;;;;;;;;
;;;;;;;;;;;;;;;;;;;;
;;;;;;;;;;;;;;;;;;;;
;;;;;;;;;;;;;;;;;;;;
;;;;;;;;;;;;;;;;;;;;
;;;;;;;;;;;;;;;;;;;;
;;;;;;;;;;;;;;;;;;;;
;;;;;;;;;;;;;;;;;;;;
;;;;;;;;;;;;;;;;;;;;
;;;;;;;;;;;;;;;;;;;;
;;;;;;;;;;;;;;;;;;;;
;;;;;;;;;;;;;;;;;;;;
;;;;;;;;;;;;;;;;;;;;
;;;;;;;;;;;;;;;;;;;;
;;;;;;;;;;;;;;;;;;;;
;;;;;;;;;;;;;;;;;;;;
;;;;;;;;;;;;;;;;;;;;
;;;;;;;;;;;;;;;;;;;;
;;;;;;;;;;;;;;;;;;;;
;;;;;;;;;;;;;;;;;;;;
;;;;;;;;;;;;;;;;;;;;
;;;;;;;;;;;;;;;;;;;;
;;;;;;;;;;;;;;;;;;;;
;;;;;;;;;;;;;;;;;;;;
;;;;;;;;;;;;;;;;;;;;
;;;;;;;;;;;;;;;;;;;;
;;;;;;;;;;;;;;;;;;;;
;;;;;;;;;;;;;;;;;;;;
;;;;;;;;;;;;;;;;;;;;
;;;;;;;;;;;;;;;;;;;;
;;;;;;;;;;;;;;;;;;;;
;;;;;;;;;;;;;;;;;;;;
;;;;;;;;;;;;;;;;;;;;
;;;;;;;;;;;;;;;;;;;;
;;;;;;;;;;;;;;;;;;;;
;;;;;;;;;;;;;;;;;;;;
;;;;;;;;;;;;;;;;;;;;
;;;;;;;;;;;;;;;;;;;;
;;;;;;;;;;;;;;;;;;;;
;;;;;;;;;;;;;;;;;;;;
;;;;;;;;;;;;;;;;;;;;
;;;;;;;;;;;;;;;;;;;;
;;;;;;;;;;;;;;;;;;;;
;;;;;;;;;;;;;;;;;;;;
;;;;;;;;;;;;;;;;;;;;
;;;;;;;;;;;;;;;;;;;;
;;;;;;;;;;;;;;;;;;;;
;;;;;;;;;;;;;;;;;;;;
;;;;;;;;;;;;;;;;;;;;
;;;;;;;;;;;;;;;;;;;;
;;;;;;;;;;;;;;;;;;;;
;;;;;;;;;;;;;;;;;;;;
;;;;;;;;;;;;;;;;;;;;
;;;;;;;;;;;;;;;;;;;;
;;;;;;;;;;;;;;;;;;;;
;;;;;;;;;;;;;;;;;;;;
;;;;;;;;;;;;;;;;;;;;
;;;;;;;;;;;;;;;;;;;;
;;;;;;;;;;;;;;;;;;;;
;;;;;;;;;;;;;;;;;;;;
;;;;;;;;;;;;;;;;;;;;
;;;;;;;;;;;;;;;;;;;;
;;;;;;;;;;;;;;;;;;;;
;;;;;;;;;;;;;;;;;;;;
;;;;;;;;;;;;;;;;;;;;
;;;;;;;;;;;;;;;;;;;;
;;;;;;;;;;;;;;;;;;;;
;;;;;;;;;;;;;;;;;;;;
;;;;;;;;;;;;;;;;;;;;
;;;;;;;;;;;;;;;;;;;;
;;;;;;;;;;;;;;;;;;;;
;;;;;;;;;;;;;;;;;;;;
;;;;;;;;;;;;;;;;;;;;
;;;;;;;;;;;;;;;;;;;;
;;;;;;;;;;;;;;;;;;;;
;;;;;;;;;;;;;;;;;;;;
;;;;;;;;;;;;;;;;;;;;
;;;;;;;;;;;;;;;;;;;;
;;;;;;;;;;;;;;;;;;;;
;;;;;;;;;;;;;;;;;;;;
;;;;;;;;;;;;;;;;;;;;
;;;;;;;;;;;;;;;;;;;;
;;;;;;;;;;;;;;;;;;;;
;;;;;;;;;;;;;;;;;;;;
;;;;;;;;;;;;;;;;;;;;
;;;;;;;;;;;;;;;;;;;;
;;;;;;;;;;;;;;;;;;;;
;;;;;;;;;;;;;;;;;;;;
;;;;;;;;;;;;;;;;;;;;
;;;;;;;;;;;;;;;;;;;;
;;;;;;;;;;;;;;;;;;;;
;;;;;;;;;;;;;;;;;;;;
;;;;;;;;;;;;;;;;;;;;
;;;;;;;;;;;;;;;;;;;;
;;;;;;;;;;;;;;;;;;;;
;;;;;;;;;;;;;;;;;;;;
;;;;;;;;;;;;;;;;;;;;
;;;;;;;;;;;;;;;;;;;;
;;;;;;;;;;;;;;;;;;;;
;;;;;;;;;;;;;;;;;;;;
;;;;;;;;;;;;;;;;;;;;
;;;;;;;;;;;;;;;;;;;;
;;;;;;;;;;;;;;;;;;;;
;;;;;;;;;;;;;;;;;;;;
;;;;;;;;;;;;;;;;;;;;
;;;;;;;;;;;;;;;;;;;;
;;;;;;;;;;;;;;;;;;;;
;;;;;;;;;;;;;;;;;;;;
;;;;;;;;;;;;;;;;;;;;
;;;;;;;;;;;;;;;;;;;;
;;;;;;;;;;;;;;;;;;;;
;;;;;;;;;;;;;;;;;;;;
;;;;;;;;;;;;;;;;;;;;
;;;;;;;;;;;;;;;;;;;;
;;;;;;;;;;;;;;;;;;;;
;;;;;;;;;;;;;;;;;;;;
;;;;;;;;;;;;;;;;;;;;
;;;;;;;;;;;;;;;;;;;;
;;;;;;;;;;;;;;;;;;;;
;;;;;;;;;;;;;;;;;;;;
;;;;;;;;;;;;;;;;;;;;
;;;;;;;;;;;;;;;;;;;;
;;;;;;;;;;;;;;;;;;;;
;;;;;;;;;;;;;;;;;;;;
;;;;;;;;;;;;;;;;;;;;
;;;;;;;;;;;;;;;;;;;;
;;;;;;;;;;;;;;;;;;;;
;;;;;;;;;;;;;;;;;;;;
;;;;;;;;;;;;;;;;;;;;
;;;;;;;;;;;;;;;;;;;;
;;;;;;;;;;;;;;;;;;;;
;;;;;;;;;;;;;;;;;;;;
;;;;;;;;;;;;;;;;;;;;
;;;;;;;;;;;;;;;;;;;;
;;;;;;;;;;;;;;;;;;;;
;;;;;;;;;;;;;;;;;;;;
;;;;;;;;;;;;;;;;;;;;
;;;;;;;;;;;;;;;;;;;;
;;;;;;;;;;;;;;;;;;;;
;;;;;;;;;;;;;;;;;;;;
;;;;;;;;;;;;;;;;;;;;
;;;;;;;;;;;;;;;;;;;;
;;;;;;;;;;;;;;;;;;;;
;;;;;;;;;;;;;;;;;;;;
;;;;;;;;;;;;;;;;;;;;
;;;;;;;;;;;;;;;;;;;;
;;;;;;;;;;;;;;;;;;;;
;;;;;;;;;;;;;;;;;;;;
;;;;;;;;;;;;;;;;;;;;
;;;;;;;;;;;;;;;;;;;;
;;;;;;;;;;;;;;;;;;;;
;;;;;;;;;;;;;;;;;;;;
;;;;;;;;;;;;;;;;;;;;
;;;;;;;;;;;;;;;;;;;;
;;;;;;;;;;;;;;;;;;;;
;;;;;;;;;;;;;;;;;;;;
;;;;;;;;;;;;;;;;;;;;
;;;;;;;;;;;;;;;;;;;;
;;;;;;;;;;;;;;;;;;;;
;;;;;;;;;;;;;;;;;;;;
;;;;;;;;;;;;;;;;;;;;
;;;;;;;;;;;;;;;;;;;;
;;;;;;;;;;;;;;;;;;;;
;;;;;;;;;;;;;;;;;;;;
;;;;;;;;;;;;;;;;;;;;
;;;;;;;;;;;;;;;;;;;;
;;;;;;;;;;;;;;;;;;;;
;;;;;;;;;;;;;;;;;;;;
;;;;;;;;;;;;;;;;;;;;
;;;;;;;;;;;;;;;;;;;;
;;;;;;;;;;;;;;;;;;;;
;;;;;;;;;;;;;;;;;;;;
;;;;;;;;;;;;;;;;;;;;
;;;;;;;;;;;;;;;;;;;;
;;;;;;;;;;;;;;;;;;;;
;;;;;;;;;;;;;;;;;;;;
;;;;;;;;;;;;;;;;;;;;
;;;;;;;;;;;;;;;;;;;;
;;;;;;;;;;;;;;;;;;;;
;;;;;;;;;;;;;;;;;;;;
;;;;;;;;;;;;;;;;;;;;
;;;;;;;;;;;;;;;;;;;;
;;;;;;;;;;;;;;;;;;;;
;;;;;;;;;;;;;;;;;;;;
;;;;;;;;;;;;;;;;;;;;
;;;;;;;;;;;;;;;;;;;;
;;;;;;;;;;;;;;;;;;;;
;;;;;;;;;;;;;;;;;;;;
;;;;;;;;;;;;;;;;;;;;
;;;;;;;;;;;;;;;;;;;;
;;;;;;;;;;;;;;;;;;;;
;;;;;;;;;;;;;;;;;;;;
;;;;;;;;;;;;;;;;;;;;
;;;;;;;;;;;;;;;;;;;;
;;;;;;;;;;;;;;;;;;;;
;;;;;;;;;;;;;;;;;;;;
;;;;;;;;;;;;;;;;;;;;
;;;;;;;;;;;;;;;;;;;;
;;;;;;;;;;;;;;;;;;;;
;;;;;;;;;;;;;;;;;;;;
;;;;;;;;;;;;;;;;;;;;
;;;;;;;;;;;;;;;;;;;;
;;;;;;;;;;;;;;;;;;;;
;;;;;;;;;;;;;;;;;;;;
;;;;;;;;;;;;;;;;;;;;
;;;;;;;;;;;;;;;;;;;;
;;;;;;;;;;;;;;;;;;;;
;;;;;;;;;;;;;;;;;;;;
;;;;;;;;;;;;;;;;;;;;
;;;;;;;;;;;;;;;;;;;;
;;;;;;;;;;;;;;;;;;;;
;;;;;;;;;;;;;;;;;;;;
;;;;;;;;;;;;;;;;;;;;
;;;;;;;;;;;;;;;;;;;;
;;;;;;;;;;;;;;;;;;;;
;;;;;;;;;;;;;;;;;;;;
;;;;;;;;;;;;;;;;;;;;
;;;;;;;;;;;;;;;;;;;;
;;;;;;;;;;;;;;;;;;;;
;;;;;;;;;;;;;;;;;;;;
;;;;;;;;;;;;;;;;;;;;
;;;;;;;;;;;;;;;;;;;;
;;;;;;;;;;;;;;;;;;;;
;;;;;;;;;;;;;;;;;;;;
;;;;;;;;;;;;;;;;;;;;
;;;;;;;;;;;;;;;;;;;;
;;;;;;;;;;;;;;;;;;;;
;;;;;;;;;;;;;;;;;;;;
;;;;;;;;;;;;;;;;;;;;
;;;;;;;;;;;;;;;;;;;;
;;;;;;;;;;;;;;;;;;;;
;;;;;;;;;;;;;;;;;;;;
;;;;;;;;;;;;;;;;;;;;
;;;;;;;;;;;;;;;;;;;;
;;;;;;;;;;;;;;;;;;;;
;;;;;;;;;;;;;;;;;;;;
;;;;;;;;;;;;;;;;;;;;
;;;;;;;;;;;;;;;;;;;;
;;;;;;;;;;;;;;;;;;;;
;;;;;;;;;;;;;;;;;;;;
;;;;;;;;;;;;;;;;;;;;
;;;;;;;;;;;;;;;;;;;;
;;;;;;;;;;;;;;;;;;;;
;;;;;;;;;;;;;;;;;;;;
;;;;;;;;;;;;;;;;;;;;
;;;;;;;;;;;;;;;;;;;;
;;;;;;;;;;;;;;;;;;;;
;;;;;;;;;;;;;;;;;;;;
;;;;;;;;;;;;;;;;;;;;
;;;;;;;;;;;;;;;;;;;;
;;;;;;;;;;;;;;;;;;;;
;;;;;;;;;;;;;;;;;;;;
;;;;;;;;;;;;;;;;;;;;
;;;;;;;;;;;;;;;;;;;;
;;;;;;;;;;;;;;;;;;;;
;;;;;;;;;;;;;;;;;;;;
;;;;;;;;;;;;;;;;;;;;
;;;;;;;;;;;;;;;;;;;;
;;;;;;;;;;;;;;;;;;;;
;;;;;;;;;;;;;;;;;;;;
;;;;;;;;;;;;;;;;;;;;
;;;;;;;;;;;;;;;;;;;;
;;;;;;;;;;;;;;;;;;;;
;;;;;;;;;;;;;;;;;;;;
;;;;;;;;;;;;;;;;;;;;
;;;;;;;;;;;;;;;;;;;;
;;;;;;;;;;;;;;;;;;;;
;;;;;;;;;;;;;;;;;;;;
;;;;;;;;;;;;;;;;;;;;
;;;;;;;;;;;;;;;;;;;;
;;;;;;;;;;;;;;;;;;;;
;;;;;;;;;;;;;;;;;;;;
;;;;;;;;;;;;;;;;;;;;
;;;;;;;;;;;;;;;;;;;;
;;;;;;;;;;;;;;;;;;;;
;;;;;;;;;;;;;;;;;;;;
;;;;;;;;;;;;;;;;;;;;
;;;;;;;;;;;;;;;;;;;;
;;;;;;;;;;;;;;;;;;;;
;;;;;;;;;;;;;;;;;;;;
;;;;;;;;;;;;;;;;;;;;
;;;;;;;;;;;;;;;;;;;;
;;;;;;;;;;;;;;;;;;;;
;;;;;;;;;;;;;;;;;;;;
;;;;;;;;;;;;;;;;;;;;
;;;;;;;;;;;;;;;;;;;;
;;;;;;;;;;;;;;;;;;;;
;;;;;;;;;;;;;;;;;;;;
;;;;;;;;;;;;;;;;;;;;
;;;;;;;;;;;;;;;;;;;;
;;;;;;;;;;;;;;;;;;;;
;;;;;;;;;;;;;;;;;;;;
