Código;Nome do cargo na Pesquisa;CBOs do Cargo;;;;;;;;;;;;;;;;;;;
258;Administrador;252105;;;;;;;;;;;;;;;;;;;
5;Administrador de Redes;212310;;;;;;;;;;;;;;;;;;;
9;Advogado;"241005; 241040";;;;;;;;;;;;;;;;;;;
433;Agile Coach;"212205; 212405";;;;;;;;;;;;;;;;;;;
203;Almoxarife;414105;;;;;;;;;;;;;;;;;;;
13;Analista Administrativo;"252105; 411010";;;;;;;;;;;;;;;;;;;
476;Analista Business Partner;252405;;;;;;;;;;;;;;;;;;;
19;Analista Comercial;"354125; 411010";;;;;;;;;;;;;;;;;;;
21;Analista Contábil Fiscal;252210;;;;;;;;;;;;;;;;;;;
361;Analista de Assistência Técnica;317210;;;;;;;;;;;;;;;;;;;
25;Analista de Atendimento e Suporte;"212420; 317210";;;;;;;;;;;;;;;;;;;
82;Analista de Banco de Dados;212305;;;;;;;;;;;;;;;;;;;
434;Analista de BI;"142330; 212405; 411010";;;;;;;;;;;;;;;;;;;
896;Analista de Chatbot;212405;;;;;;;;;;;;;;;;;;;
367;Analista de Comércio Exterior;354305;;;;;;;;;;;;;;;;;;;
136;Analista de Compras;"142405; 411010";;;;;;;;;;;;;;;;;;;
23;Analista de Comunicação;"1423-25; 1423-35";;;;;;;;;;;;;;;;;;;
840;Analista de Conteúdo;"142335; 2531-10";;;;;;;;;;;;;;;;;;;
24;Analista de Contratos;411010;;;;;;;;;;;;;;;;;;;
26;Analista de Controladoria;252210;;;;;;;;;;;;;;;;;;;
1017;Analista de Customer Service (CX);"142330; 212405";;;;;;;;;;;;;;;;;;;
435;Analista de Dados;"211205; 261215";;;;;;;;;;;;;;;;;;;
28;Analista de Departamento Pessoal;"252210; 252405; 413105";;;;;;;;;;;;;;;;;;;
11;Analista de Documentação;261210;;;;;;;;;;;;;;;;;;;
829;Analista de E-commerce;"142330; 142355";;;;;;;;;;;;;;;;;;;
366;Analista de Eventos;142335;;;;;;;;;;;;;;;;;;;
368;Analista de Faturamento;"252105; 413115";;;;;;;;;;;;;;;;;;;
1077;Analista de Geoprocessamento;"2513-05; 3123-05; 3123-10";;;;;;;;;;;;;;;;;;;
989;Analista de Gerenciamento de Riscos e Compliance;"1421-25; 1421-30";;;;;;;;;;;;;;;;;;;
1185;Analista de Gestão do Conhecimento;2332-25;;;;;;;;;;;;;;;;;;;
1118;Analista de Governança;1421-30;;;;;;;;;;;;;;;;;;;
900;Analista de Growth Hacking;1423-35;;;;;;;;;;;;;;;;;;;
1021;Analista de Growth Product;142330;;;;;;;;;;;;;;;;;;;
436;Analista de Implantação e Configuração;212420;;;;;;;;;;;;;;;;;;;
15;Analista de Infraestrutura de TI;"212405; 212410; 212420";;;;;;;;;;;;;;;;;;;
437;Analista de Inovação;"212410; 411010";;;;;;;;;;;;;;;;;;;
1076;Analista de Integrações;2124-05;;;;;;;;;;;;;;;;;;;
1007;Analista de Inteligência Artificial;212405;;;;;;;;;;;;;;;;;;;
371;Analista de Inteligência de Mercado;142335;;;;;;;;;;;;;;;;;;;
37;Analista de Logística;"252725; 272515; 272705; 391125";;;;;;;;;;;;;;;;;;;
42;Analista de Marketing;142335;;;;;;;;;;;;;;;;;;;
370;Analista de Marketing Digital;142335;;;;;;;;;;;;;;;;;;;
45;Analista de Mídias Sociais;142335;;;;;;;;;;;;;;;;;;;
46;Analista de Negócios;142330;;;;;;;;;;;;;;;;;;;
306;Analista de Operações;"252105; 411010";;;;;;;;;;;;;;;;;;;
1113;Analista de Parcerias;1423-25;;;;;;;;;;;;;;;;;;;
17;Analista de Pesquisa e Desenvolvimento P&D;"142605; 395105";;;;;;;;;;;;;;;;;;;
190;Analista de Planejamento Financeiro;252545;;;;;;;;;;;;;;;;;;;
372;Analista de PMO;142535;;;;;;;;;;;;;;;;;;;
438;Analista de Pré-vendas (SDR);354125;;;;;;;;;;;;;;;;;;;
898;Analista de Prevenção à Fraude;351805;;;;;;;;;;;;;;;;;;;
1015;Analista de Product Marketing (PMM);142335;;;;;;;;;;;;;;;;;;;
375;Analista de Produto;142335;;;;;;;;;;;;;;;;;;;
18;Analista de Projetos;2521-05;;;;;;;;;;;;;;;;;;;
439;Analista de Prospecção (BDR);354125;;;;;;;;;;;;;;;;;;;
50;Analista de Qualidade e Processos;"261210; 391210";;;;;;;;;;;;;;;;;;;
359;Analista de Recrutamento e Seleção;"252405; 351315";;;;;;;;;;;;;;;;;;;
52;Analista de Recursos Humanos;252405;;;;;;;;;;;;;;;;;;;
376;Analista de Relacionamento;"1423-30; 2521-05; 3541-25; 4110-05";;;;;;;;;;;;;;;;;;;
362;Analista de Remuneração e Benefícios;252405;;;;;;;;;;;;;;;;;;;
796;Analista de Requisitos;212405;;;;;;;;;;;;;;;;;;;
894;Analista de Sales Ops;"3541-20; 3541-25";;;;;;;;;;;;;;;;;;;
889;Analista de Segurança da Informação;"1425-25; 2123-20";;;;;;;;;;;;;;;;;;;
22;Analista de Sistemas;212405;;;;;;;;;;;;;;;;;;;
1009;Analista de SRE;"212205; 212405";;;;;;;;;;;;;;;;;;;
1117;Analista de Sustentabilidade;"214005; 244010";;;;;;;;;;;;;;;;;;;
30;Analista de Tecnologia da Informação;"212305; 212405; 212410; 212420";;;;;;;;;;;;;;;;;;;
29;Analista de Testes (Qualidade em TI);"212405; 212420";;;;;;;;;;;;;;;;;;;
379;Analista de Treinamento e Desenvolvimento;"233225; 252405";;;;;;;;;;;;;;;;;;;
177;Analista Educacional;"239405; 239435";;;;;;;;;;;;;;;;;;;
16;Analista Financeiro;"252105; 252210";;;;;;;;;;;;;;;;;;;
381;Analista Jurídico;"142125; 241040";;;;;;;;;;;;;;;;;;;
133;Arquiteto de Software;212405;;;;;;;;;;;;;;;;;;;
59;Assistente Administrativo;411010;;;;;;;;;;;;;;;;;;;
62;Assistente Comercial;"344125; 411010";;;;;;;;;;;;;;;;;;;
273;Assistente Contábil Fiscal;413110;;;;;;;;;;;;;;;;;;;
835;Assistente de Assistência Técnica;;;;;;;;;;;;;;;;;;;;
319;Assistente de Atendimento e Suporte;"317210; 411010";;;;;;;;;;;;;;;;;;;
489;Assistente de Comércio Exterior;"354305; 411045";;;;;;;;;;;;;;;;;;;
67;Assistente de Compras;411010;;;;;;;;;;;;;;;;;;;
839;Assistente de Conteúdo;;;;;;;;;;;;;;;;;;;;
129;Assistente de Contratos;411010;;;;;;;;;;;;;;;;;;;
1068;Assistente de Customer Experience;142330;;;;;;;;;;;;;;;;;;;
68;Assistente de Departamento Pessoal;411010;;;;;;;;;;;;;;;;;;;
1112;Assistente de Design;"262405; 262410; 264711";;;;;;;;;;;;;;;;;;;
828;Assistente de E-commerce;"3541-25; 4110-10";;;;;;;;;;;;;;;;;;;
990;Assistente de Gerenciamento de Riscos e Compliance;4110-05;;;;;;;;;;;;;;;;;;;
440;Assistente de Implantação e Configuração;"142535; 317110";;;;;;;;;;;;;;;;;;;
69;Assistente de Infraestrutura de TI;"142535; 317210";;;;;;;;;;;;;;;;;;;
1006;Assistente de Inteligência Artificial;212405;;;;;;;;;;;;;;;;;;;
550;Assistente de Inteligência de Mercado;142335;;;;;;;;;;;;;;;;;;;
70;Assistente de Logística;414140;;;;;;;;;;;;;;;;;;;
71;Assistente de Marketing;411010;;;;;;;;;;;;;;;;;;;
577;Assistente de Marketing Digital;411010;;;;;;;;;;;;;;;;;;;
581;Assistente de Negócios;411010;;;;;;;;;;;;;;;;;;;
309;Assistente de Operações;411010;;;;;;;;;;;;;;;;;;;
341;Assistente de Planejamento Financeiro;411010;;;;;;;;;;;;;;;;;;;
441;Assistente de Pré-vendas (SDR);354125;;;;;;;;;;;;;;;;;;;
616;Assistente de Produto;142335;;;;;;;;;;;;;;;;;;;
795;Assistente de Programação;212405;;;;;;;;;;;;;;;;;;;
74;Assistente de Projetos;411010;;;;;;;;;;;;;;;;;;;
292;Assistente de Prospecção (BDR);354125;;;;;;;;;;;;;;;;;;;
75;Assistente de Qualidade e Processos;411010;;;;;;;;;;;;;;;;;;;
634;Assistente de Recrutamento e Seleção;411010;;;;;;;;;;;;;;;;;;;
77;Assistente de Recursos Humanos;411010;;;;;;;;;;;;;;;;;;;
442;Assistente de Relacionamento;"142330; 252105; 354125; 411010";;;;;;;;;;;;;;;;;;;
888;Assistente de Segurança da Informação;"142525; 212320";;;;;;;;;;;;;;;;;;;
31;Assistente de Tecnologia da Informação;"212305; 212405; 212410; 212420";;;;;;;;;;;;;;;;;;;
443;Assistente de Testes (Qualidade em TI);"212405; 212410";;;;;;;;;;;;;;;;;;;
761;Assistente de Treinamento e Desenvolvimento;252405;;;;;;;;;;;;;;;;;;;
79;Assistente Financeiro;"411005; 411010; 413110";;;;;;;;;;;;;;;;;;;
80;Assistente Jurídico;"142125; 241005";;;;;;;;;;;;;;;;;;;
117;Atendente de Recepção;422105;;;;;;;;;;;;;;;;;;;
83;Auxiliar Administrativo;411005;;;;;;;;;;;;;;;;;;;
91;Auxiliar de Serviços Gerais;"514310; 514320";;;;;;;;;;;;;;;;;;;
456;CEO;121010;;;;;;;;;;;;;;;;;;;
444;Cientista de Dados;"203105; 211205";;;;;;;;;;;;;;;;;;;
93;Comprador;354205;;;;;;;;;;;;;;;;;;;
285;Consultor Comercial;354120;;;;;;;;;;;;;;;;;;;
40;Consultor de Atendimento e Suporte;"317210; 420135";;;;;;;;;;;;;;;;;;;
156;Consultor de Implantação e Configuração;212420;;;;;;;;;;;;;;;;;;;
149;Consultor de Negócios;142330;;;;;;;;;;;;;;;;;;;
33;Consultor de TI;212420;;;;;;;;;;;;;;;;;;;
94;Contador;252210;;;;;;;;;;;;;;;;;;;
95;Controller;252210;;;;;;;;;;;;;;;;;;;
39;Coordenador Administrativo;410105;;;;;;;;;;;;;;;;;;;
477;Coordenador Business Partner;142205;;;;;;;;;;;;;;;;;;;
41;Coordenador Comercial;"520105; 520110";;;;;;;;;;;;;;;;;;;
274;Coordenador Contábil Fiscal;252210;;;;;;;;;;;;;;;;;;;
836;Coordenador de Assistência Técnica;"730105; 910105; 910115";;;;;;;;;;;;;;;;;;;
47;Coordenador de Atendimento e Suporte;"317210; 420135";;;;;;;;;;;;;;;;;;;
134;Coordenador de Banco de Dados;212305;;;;;;;;;;;;;;;;;;;
899;Coordenador de BI;142330;;;;;;;;;;;;;;;;;;;
491;Coordenador de Comércio Exterior;"142305; 354305";;;;;;;;;;;;;;;;;;;
137;Coordenador de Compras;"142405; 142410";;;;;;;;;;;;;;;;;;;
841;Coordenador de Conteúdo;;;;;;;;;;;;;;;;;;;;
445;Coordenador de Contratos;"241005; 410105";;;;;;;;;;;;;;;;;;;
123;Coordenador de Controladoria;"142105; 252210; 410105";;;;;;;;;;;;;;;;;;;
1067;Coordenador de Customer Experience;142335;;;;;;;;;;;;;;;;;;;
126;Coordenador de Departamento Pessoal;410105;;;;;;;;;;;;;;;;;;;
73;Coordenador de Desenvolvimento;"142510; 212405";;;;;;;;;;;;;;;;;;;
1073;Coordenador de Designer;"3171-05; 3171-20";;;;;;;;;;;;;;;;;;;
831;Coordenador de E-commerce;"142320; 142330; 142355";;;;;;;;;;;;;;;;;;;
988;Coordenador de Gerenciamento de Riscos e Compliance;"142125; 142130";;;;;;;;;;;;;;;;;;;
1119;Coordenador de Governança;1421-30;;;;;;;;;;;;;;;;;;;
1058;Coordenador de Growth Hacking;"1423-30; 1423-35";;;;;;;;;;;;;;;;;;;
1023;Coordenador de Growth Product;"1423-30; 1423-35";;;;;;;;;;;;;;;;;;;
459;Coordenador de Implantação e Configuração;317110;;;;;;;;;;;;;;;;;;;
132;Coordenador de Infraestrutura de TI;"212405; 212410; 212420";;;;;;;;;;;;;;;;;;;
1008;Coordenador de Inteligência Artificial;212405;;;;;;;;;;;;;;;;;;;
552;Coordenador de Inteligência de Mercado;"142305; 142335";;;;;;;;;;;;;;;;;;;
567;Coordenador de Logística;"141605; 141615; 142410";;;;;;;;;;;;;;;;;;;
56;Coordenador de Marketing;142315;;;;;;;;;;;;;;;;;;;
395;Coordenador de Marketing Digital;142315;;;;;;;;;;;;;;;;;;;
167;Coordenador de Negócios;"1423-05; 1423-20, 4101-05";;;;;;;;;;;;;;;;;;;
295;Coordenador de Operações;"410240; 4101-05;";;;;;;;;;;;;;;;;;;;
78;Coordenador de Pesquisa e Desenvolvimento P&D;142605;;;;;;;;;;;;;;;;;;;
597;Coordenador de Planejamento Financeiro;252545;;;;;;;;;;;;;;;;;;;
446;Coordenador de PMO;142520;;;;;;;;;;;;;;;;;;;
447;Coordenador de Pré-vendas;"142305; 520110";;;;;;;;;;;;;;;;;;;
302;Coordenador de Prevenção à Fraude;142310;;;;;;;;;;;;;;;;;;;
396;Coordenador de Produção;1412-05;;;;;;;;;;;;;;;;;;;
305;Coordenador de Produto;"142315; 142605";;;;;;;;;;;;;;;;;;;
97;Coordenador de Projetos;"142520; 142605";;;;;;;;;;;;;;;;;;;
303;Coordenador de Prospecção;"142305; 410105; 520111";;;;;;;;;;;;;;;;;;;
120;Coordenador de Qualidade e Processos;391210;;;;;;;;;;;;;;;;;;;
636;Coordenador de Recrutamento e Seleção;142205;;;;;;;;;;;;;;;;;;;
121;Coordenador de Recursos Humanos;142205;;;;;;;;;;;;;;;;;;;
448;Coordenador de Relacionamento;"410105; 420135";;;;;;;;;;;;;;;;;;;
1078;Coordenador de Sales Ops;3541-20;;;;;;;;;;;;;;;;;;;
890;Coordenador de Segurança da Informação;;;;;;;;;;;;;;;;;;;;
1011;Coordenador de SRE;212405;;;;;;;;;;;;;;;;;;;
76;Coordenador de Tecnologia da Informação;142605;;;;;;;;;;;;;;;;;;;
397;Coordenador de Testes (Qualidade em TI);"212405; 317110";;;;;;;;;;;;;;;;;;;
763;Coordenador de Treinamento e Desenvolvimento;2524-05;;;;;;;;;;;;;;;;;;;
122;Coordenador Financeiro;"252210; 410235";;;;;;;;;;;;;;;;;;;
131;Coordenador Jurídico;"241005; 241040";;;;;;;;;;;;;;;;;;;
321;Copeiro;"513425; 513505";;;;;;;;;;;;;;;;;;;
1;Desenvolvedor;"212405; 317105; 317110";;;;;;;;;;;;;;;;;;;
842;Desenvolvedor Back-end;"212405; 317105; 317110";;;;;;;;;;;;;;;;;;;
1064;Desenvolvedor de Jogos Digitais;"212405; 317105; 317120";;;;;;;;;;;;;;;;;;;
10;Desenvolvedor Front-end;"212405; 317105; 317110";;;;;;;;;;;;;;;;;;;
843;Desenvolvedor Mobile;"212405; 317105; 317110";;;;;;;;;;;;;;;;;;;
399;Designer;262410;;;;;;;;;;;;;;;;;;;
146;Designer Instrucional;239435;;;;;;;;;;;;;;;;;;;
449;DevOps;212405;;;;;;;;;;;;;;;;;;;
99;Diretor Administrativo;123105;;;;;;;;;;;;;;;;;;;
100;Diretor Comercial;123305;;;;;;;;;;;;;;;;;;;
331;Diretor de Arte;2531-25;;;;;;;;;;;;;;;;;;;
1070;Diretor de Dados;"1236-05; 2123-05";;;;;;;;;;;;;;;;;;;
102;Diretor de Marketing;123310;;;;;;;;;;;;;;;;;;;
153;Diretor de Negócios;"123305; 123705";;;;;;;;;;;;;;;;;;;
198;Diretor de Operações;"122405; 123805";;;;;;;;;;;;;;;;;;;
620;Diretor de Produto;"142315; 142605";;;;;;;;;;;;;;;;;;;
128;Diretor de Projetos;123705;;;;;;;;;;;;;;;;;;;
103;Diretor de Recursos Humanos;123205;;;;;;;;;;;;;;;;;;;
601;Diretor de Relacionamento;123305;;;;;;;;;;;;;;;;;;;
1071;Diretor de Segurança da Informação;1236-05;;;;;;;;;;;;;;;;;;;
402;Diretor de Serviços;123605;;;;;;;;;;;;;;;;;;;
400;Diretor de Tecnologia;"123605; 123705";;;;;;;;;;;;;;;;;;;
125;Diretor Financeiro;123115;;;;;;;;;;;;;;;;;;;
557;Diretor Jurídico;241005;;;;;;;;;;;;;;;;;;;
1014;DPO (Data Protection Officer);1421-35;;;;;;;;;;;;;;;;;;;
1121;Engenheiro de Confiabilidade de Banco de Dados;"2122-05; 2124-10";;;;;;;;;;;;;;;;;;;
404;Engenheiro de Controle e Automação;"202110; 214305";;;;;;;;;;;;;;;;;;;
1005;Engenheiro de Dados;"2032-10; 2124-10";;;;;;;;;;;;;;;;;;;
1114;Engenheiro de Inteligência Artificial;2032-10;;;;;;;;;;;;;;;;;;;
1115;Engenheiro de Segurança da Informação;"2149-20; 2149-25";;;;;;;;;;;;;;;;;;;
145;Engenheiro de Software;"2032-10; 2122-05; 2122-10; 2122-15";;;;;;;;;;;;;;;;;;;
338;Estagiário Administrativo;;;;;;;;;;;;;;;;;;;;
425;Estagiário em TI;;;;;;;;;;;;;;;;;;;;
105;Executivo de Contas;"354120; 354130";;;;;;;;;;;;;;;;;;;
106;Gerente Administrativo;142105;;;;;;;;;;;;;;;;;;;
479;Gerente Business Partner;142205;;;;;;;;;;;;;;;;;;;
107;Gerente Comercial;"142305; 142320";;;;;;;;;;;;;;;;;;;
110;Gerente Contábil Fiscal;252210;;;;;;;;;;;;;;;;;;;
49;Gerente de Atendimento e Suporte;142530;;;;;;;;;;;;;;;;;;;
895;Gerente de Banco de Dados;212305;;;;;;;;;;;;;;;;;;;
1018;Gerente de BI;142330;;;;;;;;;;;;;;;;;;;
450;Gerente de Canais;"142305; 142320";;;;;;;;;;;;;;;;;;;
493;Gerente de Comércio Exterior;142305;;;;;;;;;;;;;;;;;;;
109;Gerente de Compras;"142405; 142410";;;;;;;;;;;;;;;;;;;
326;Gerente de Conteúdo;142310;;;;;;;;;;;;;;;;;;;
353;Gerente de Contratos;"241005; 410105";;;;;;;;;;;;;;;;;;;
111;Gerente de Controladoria;"142105; 252210";;;;;;;;;;;;;;;;;;;
1066;Gerente de Customer Experience;"1421-05; 1423-05";;;;;;;;;;;;;;;;;;;
61;Gerente de Desenvolvimento de TI;142510;;;;;;;;;;;;;;;;;;;
832;Gerente de E-commerce;"142320; 142330; 142355";;;;;;;;;;;;;;;;;;;
1072;Gerente de Entregas;;;;;;;;;;;;;;;;;;;;
987;Gerente de Gerenciamento de Riscos e Compliance;1421-10;;;;;;;;;;;;;;;;;;;
1120;Gerente de Governança;142110;;;;;;;;;;;;;;;;;;;
1059;Gerente de Growth Hacking;142315;;;;;;;;;;;;;;;;;;;
1022;Gerente de Growth Product;142315;;;;;;;;;;;;;;;;;;;
834;Gerente de Implantação e Configuração;142530;;;;;;;;;;;;;;;;;;;
135;Gerente de Infraestrutura de TI;"142505; 142510";;;;;;;;;;;;;;;;;;;
554;Gerente de Inteligência de Mercado;"142305; 142335";;;;;;;;;;;;;;;;;;;
112;Gerente de Marketing;142315;;;;;;;;;;;;;;;;;;;
579;Gerente de Marketing Digital;142315;;;;;;;;;;;;;;;;;;;
451;Gerente de Negócios;"142305; 142320; 142335; 354120";;;;;;;;;;;;;;;;;;;
311;Gerente de Operações;141205;;;;;;;;;;;;;;;;;;;
66;Gerente de Pesquisa e Desenvolvimento P&D;142605;;;;;;;;;;;;;;;;;;;
342;Gerente de Planejamento Financeiro;142605;;;;;;;;;;;;;;;;;;;
152;Gerente de PMO;142520;;;;;;;;;;;;;;;;;;;
455;Gerente de Pré-vendas;142305;;;;;;;;;;;;;;;;;;;
613;Gerente de Produção;141205;;;;;;;;;;;;;;;;;;;
407;Gerente de Produto;"142315; 142605";;;;;;;;;;;;;;;;;;;
1186;Gerente de Produto de Inteligência Artificial;1425-05;;;;;;;;;;;;;;;;;;;
65;Gerente de Projetos;"142520; 142525; 142530";;;;;;;;;;;;;;;;;;;
108;Gerente de Qualidade e Processos;"123105; 142325; 391205";;;;;;;;;;;;;;;;;;;
113;Gerente de Recursos Humanos;"142205; 142215";;;;;;;;;;;;;;;;;;;
408;Gerente de Relacionamento;"1421-05; 1423-05";;;;;;;;;;;;;;;;;;;
1116;Gerente de Relações com Investidores;253205;;;;;;;;;;;;;;;;;;;
891;Gerente de Segurança da Informação;;;;;;;;;;;;;;;;;;;;
63;Gerente de Tecnologia da Informação;"142510; 142530";;;;;;;;;;;;;;;;;;;
452;Gerente de Testes (Qualidade em TI);142510;;;;;;;;;;;;;;;;;;;
765;Gerente de Treinamento e Desenvolvimento;142205;;;;;;;;;;;;;;;;;;;
114;Gerente Financeiro;142115;;;;;;;;;;;;;;;;;;;
148;Gerente Jurídico;"142110; 142125; 241010";;;;;;;;;;;;;;;;;;;
1060;Inside Sales;"521105; 521110; 521120";;;;;;;;;;;;;;;;;;;
1061;Líder de Qualidade e Processos;391205;;;;;;;;;;;;;;;;;;;
1016;Líder Técnico;212405;;;;;;;;;;;;;;;;;;;
824;Operador de telemarketing;"4223-05; 4223-10; 4223-15; 4223-20";;;;;;;;;;;;;;;;;;;
410;Pesquisador;334110;;;;;;;;;;;;;;;;;;;
1080;Product Designer;2624-10;;;;;;;;;;;;;;;;;;;
892;Product Owner;142520;;;;;;;;;;;;;;;;;;;
833;Produtor Audiovisual;"2621-10; 2621-25; 2621-35; 373105; 3744-05";;;;;;;;;;;;;;;;;;;
360;Projetista;"318605; 318610; 318705; 318710; 318805";;;;;;;;;;;;;;;;;;;
84;Redator Técnico;261530;;;;;;;;;;;;;;;;;;;
893;Scrum Master;1425-20;;;;;;;;;;;;;;;;;;;
3;Secretária Executiva;"252305; 252310; 252315; 422105";;;;;;;;;;;;;;;;;;;
1062;Team Lead;4101-05;;;;;;;;;;;;;;;;;;;
1063;Tech Recruiter;"2524-05; 3513-15";;;;;;;;;;;;;;;;;;;
1057;Técnico de Atendimento e Suporte;3172-10;;;;;;;;;;;;;;;;;;;
453;Técnico de Instalação (Hardware);3132-05;;;;;;;;;;;;;;;;;;;
143;Técnico em Eletrônica;"3131-05; 3132-20";;;;;;;;;;;;;;;;;;;
417;Técnico em Eletrotécnica;"313105; 313130";;;;;;;;;;;;;;;;;;;
418;Técnico em Mecânica Industrial;"313220; 314110";;;;;;;;;;;;;;;;;;;
124;Técnico em Segurança do Trabalho;351605;;;;;;;;;;;;;;;;;;;
419;Tradutor;261420;;;;;;;;;;;;;;;;;;;
1074;UI Designer;2624-10;;;;;;;;;;;;;;;;;;;
1075;UX Designer;2624-10;;;;;;;;;;;;;;;;;;;
454;Vendedor Externo;524105;;;;;;;;;;;;;;;;;;;
457;Vice-Presidente;"123305; 123310";;;;;;;;;;;;;;;;;;;
9;Advogado;"241005; 241040";;;;;;;;;;;;;;;;;;;
203;Almoxarife;414105;;;;;;;;;;;;;;;;;;;
13;Analista Administrativo;252105;;;;;;;;;;;;;;;;;;;
19;Analista Comercial;"354125; 411010";;;;;;;;;;;;;;;;;;;
21;Analista Contábil / Fiscal;252210;;;;;;;;;;;;;;;;;;;
25;Analista de Atendimento e Suporte;"212420; 317210";;;;;;;;;;;;;;;;;;;
903;Analista de Cadastro e Regulamentação;411010;;;;;;;;;;;;;;;;;;;
367;Analista de Comércio Exterior;354305;;;;;;;;;;;;;;;;;;;
136;Analista de Compras;142405;;;;;;;;;;;;;;;;;;;
876;Analista de Custos;252210;;;;;;;;;;;;;;;;;;;
1194;Analista de Custos de Importação/Exportação;252210;;;;;;;;;;;;;;;;;;;
28;Analista de Departamento Pessoal;"252210; 252405; 4131105";;;;;;;;;;;;;;;;;;;
829;Analista de E-commerce;142330;;;;;;;;;;;;;;;;;;;
1084;Analista de Encaixe;7631-20;;;;;;;;;;;;;;;;;;;
375;Analista de Engenharia de Produto;142335;;;;;;;;;;;;;;;;;;;
368;Analista de Faturamento;"252105; 413115";;;;;;;;;;;;;;;;;;;
1193;Analista de Importação;354305;;;;;;;;;;;;;;;;;;;
15;Analista de Infraestrutura de TI;"212405; 212410; 212420";;;;;;;;;;;;;;;;;;;
37;Analista de Logística;"252725; 272515; 272705; 391125; 7631-25";;;;;;;;;;;;;;;;;;;
42;Analista de Marketing;142335;;;;;;;;;;;;;;;;;;;
193;Analista de Mídia Digital;;;;;;;;;;;;;;;;;;;;
306;Analista de Operações;;;;;;;;;;;;;;;;;;;;
354;Analista de PCP;"2527-05; 3911-25";;;;;;;;;;;;;;;;;;;
17;Analista de Pesquisa e Desenvolvimento P&D;"142605; 395105";;;;;;;;;;;;;;;;;;;
993;Analista de Planejamento e Controle de Manutenção;"3911-30; 3911-45";;;;;;;;;;;;;;;;;;;
48;Analista de Processos;"3116-05; 4110-05";;;;;;;;;;;;;;;;;;;
610;Analista de Produção;784205;;;;;;;;;;;;;;;;;;;
18;Analista de Projetos;2521-05;;;;;;;;;;;;;;;;;;;
628;Analista de Qualidade;391210;;;;;;;;;;;;;;;;;;;
52;Analista de RH;252405;;;;;;;;;;;;;;;;;;;
22;Analista de Sistemas;212405;;;;;;;;;;;;;;;;;;;
1026;Analista de Transportes;342105;;;;;;;;;;;;;;;;;;;
16;Analista Financeiro;"252105; 252210";;;;;;;;;;;;;;;;;;;
381;Analista Jurídico;"142125; 241040";;;;;;;;;;;;;;;;;;;
59;Assistente Administrativo;411010;;;;;;;;;;;;;;;;;;;
62;Assistente Comercial;"344125; 411010";;;;;;;;;;;;;;;;;;;
273;Assistente Contábil / Fiscal;413110;;;;;;;;;;;;;;;;;;;
565;Assistente de Almoxarifado;414105;;;;;;;;;;;;;;;;;;;
319;Assistente de Atendimento e Suporte;"317210; 411010";;;;;;;;;;;;;;;;;;;
902;Assistente de Cadastro e Regulamentação;411010;;;;;;;;;;;;;;;;;;;
489;Assistente de Comércio Exterior;"354305; 411045";;;;;;;;;;;;;;;;;;;
67;Assistente de Compras;411010;;;;;;;;;;;;;;;;;;;
531;Assistente de Engenharia;312105;;;;;;;;;;;;;;;;;;;
1196;Assistente de Estilo;3191-10;;;;;;;;;;;;;;;;;;;
467;Assistente de Estoque;414125;;;;;;;;;;;;;;;;;;;
387;Assistente de Faturamento;413115;;;;;;;;;;;;;;;;;;;
70;Assistente de Logística;414140;;;;;;;;;;;;;;;;;;;
1083;Assistente de Manutenção;9113-05;;;;;;;;;;;;;;;;;;;
71;Assistente de Marketing;411010;;;;;;;;;;;;;;;;;;;
388;Assistente de PCP;391125;;;;;;;;;;;;;;;;;;;
594;Assistente de Pesquisa e Desenvolvimento P&D;"395105; 411010";;;;;;;;;;;;;;;;;;;
616;Assistente de Produto;142335;;;;;;;;;;;;;;;;;;;
629;Assistente de Qualidade;391215;;;;;;;;;;;;;;;;;;;
77;Assistente de RH / DP;252405;;;;;;;;;;;;;;;;;;;
745;Assistente de Transportes;342125;;;;;;;;;;;;;;;;;;;
79;Assistente Financeiro;"411005; 411010; 413110";;;;;;;;;;;;;;;;;;;
80;Assistente Jurídico;"142125; 241005";;;;;;;;;;;;;;;;;;;
389;Assistente Técnico de Vendas;"354125; 411010";;;;;;;;;;;;;;;;;;;
83;Auxiliar Administrativo;411005;;;;;;;;;;;;;;;;;;;
392;Auxiliar de Almoxarifado;414105;;;;;;;;;;;;;;;;;;;
495;Auxiliar de Compras;411005;;;;;;;;;;;;;;;;;;;
566;Auxiliar de Estoque;414125;;;;;;;;;;;;;;;;;;;
1053;Auxiliar de Expedição;4141-35;;;;;;;;;;;;;;;;;;;
1123;Auxiliar de Funilaria;7222-05;;;;;;;;;;;;;;;;;;;
798;Auxiliar de Laboratorista Têxtil;301105;;;;;;;;;;;;;;;;;;;
88;Auxiliar de Logística;414140;;;;;;;;;;;;;;;;;;;
861;Auxiliar de Manutenção;;;;;;;;;;;;;;;;;;;;
393;Auxiliar de Produção;"725205; 784205";;;;;;;;;;;;;;;;;;;
630;Auxiliar de Qualidade;391215;;;;;;;;;;;;;;;;;;;
91;Auxiliar de Serviços Gerais;"514310; 514320";;;;;;;;;;;;;;;;;;;
1028;Auxiliar de Talhação;7631-05;;;;;;;;;;;;;;;;;;;
1085;Auxiliar de Tecelão;7610-05;;;;;;;;;;;;;;;;;;;
996;Auxiliar de Transportes;;;;;;;;;;;;;;;;;;;;
773;Auxiliar de Usinagem;"725010; 725015";;;;;;;;;;;;;;;;;;;
221;Auxiliar Técnico;;;;;;;;;;;;;;;;;;;;
1188;Auxiliar Vistoriador;"351730; 423115;";;;;;;;;;;;;;;;;;;;
818;Carregador de Fios;784205;;;;;;;;;;;;;;;;;;;
456;CEO;"121010; 123305";;;;;;;;;;;;;;;;;;;
800;Colorista Têxtil;;;;;;;;;;;;;;;;;;;;
93;Comprador;354205;;;;;;;;;;;;;;;;;;;
955;Conferente;414215;;;;;;;;;;;;;;;;;;;
94;Contador;252210;;;;;;;;;;;;;;;;;;;
877;Controlador de Produção;"3911-05; 3911-10; 3911-15; 3911-20; 3911-25; 3911-30; 4142-10";;;;;;;;;;;;;;;;;;;
95;Controller;252210;;;;;;;;;;;;;;;;;;;
41;Coordenador Comercial;"520105; 520110";;;;;;;;;;;;;;;;;;;
279;Coordenador Contábil / Fiscal;;;;;;;;;;;;;;;;;;;;
47;Coordenador de Atendimento e Suporte;"317210; 420135";;;;;;;;;;;;;;;;;;;
491;Coordenador de Comércio Exterior;"142305; 354305;";;;;;;;;;;;;;;;;;;;
768;Coordenador de Laboratório;301105;;;;;;;;;;;;;;;;;;;
567;Coordenador de Logística;"141605; 141615; 142410";;;;;;;;;;;;;;;;;;;
56;Coordenador de Marketing;142315;;;;;;;;;;;;;;;;;;;
864;Coordenador de PCP;;;;;;;;;;;;;;;;;;;;
631;Coordenador de Qualidade;"391205; 391210";;;;;;;;;;;;;;;;;;;
121;Coordenador de RH / DP;142205;;;;;;;;;;;;;;;;;;;
1044;Coordenador de Transportes;342305;;;;;;;;;;;;;;;;;;;
1041;Coordenador de Unidade de Distribuição;141205;;;;;;;;;;;;;;;;;;;
122;Coordenador Financeiro;410235;;;;;;;;;;;;;;;;;;;
131;Coordenador Jurídico;"241005; 241040
";;;;;;;;;;;;;;;;;;;
612;Costureira;"763005; 763010; 763015; 763020";;;;;;;;;;;;;;;;;;;
1090;Costureira de Conserto;7632-10;;;;;;;;;;;;;;;;;;;
1089;Costureira Pilotista;7632-10;;;;;;;;;;;;;;;;;;;
1086;Cronoanalista;3911-05;;;;;;;;;;;;;;;;;;;
1;Desenvolvedor;317110;;;;;;;;;;;;;;;;;;;
884;Designer de Produto;2624-20;;;;;;;;;;;;;;;;;;;
1190;Despachante Aduaneiro;342210;;;;;;;;;;;;;;;;;;;
99;Diretor Administrativo;123105;;;;;;;;;;;;;;;;;;;
100;Diretor Comercial;123305;;;;;;;;;;;;;;;;;;;
492;Diretor de Comércio Exterior;142305;;;;;;;;;;;;;;;;;;;
101;Diretor de Logística;123405;;;;;;;;;;;;;;;;;;;
102;Diretor de Marketing;123310;;;;;;;;;;;;;;;;;;;
198;Diretor de Operações;"122405; 123805";;;;;;;;;;;;;;;;;;;
620;Diretor de Produto;"142315; 142605";;;;;;;;;;;;;;;;;;;
1195;Diretor de Transportes;1226-20;;;;;;;;;;;;;;;;;;;
218;Eletricista;951105;;;;;;;;;;;;;;;;;;;
871;Embalador;"784105; 784110";;;;;;;;;;;;;;;;;;;
1029;Encarregado de Costura;"7603-05; 7603-10";;;;;;;;;;;;;;;;;;;
1052;Encarregado de Estoque;4141-25;;;;;;;;;;;;;;;;;;;
820;Encarregado de Manutenção;"142705; 313115; 514310; 514325";;;;;;;;;;;;;;;;;;;
355;Encarregado de Produção;414210;;;;;;;;;;;;;;;;;;;
1087;Enfestador;7631-15;;;;;;;;;;;;;;;;;;;
344;Engenheiro de P&D;;;;;;;;;;;;;;;;;;;;
957;Entregador;7832-25;;;;;;;;;;;;;;;;;;;
621;Estilista;262425;;;;;;;;;;;;;;;;;;;
468;Estoquista;414125;;;;;;;;;;;;;;;;;;;
105;Executivo de Contas;"354120; 354130";;;;;;;;;;;;;;;;;;;
406;Expedidor;4141-35;;;;;;;;;;;;;;;;;;;
872;Ferramenteiro;721105;;;;;;;;;;;;;;;;;;;
1122;Funileiro;7222-05;;;;;;;;;;;;;;;;;;;
106;Gerente Administrativo;142105;;;;;;;;;;;;;;;;;;;
107;Gerente Comercial;"142305; 142320";;;;;;;;;;;;;;;;;;;
49;Gerente de Atendimento e Suporte;142530;;;;;;;;;;;;;;;;;;;
493;Gerente de Comércio Exterior;"1417-15; 142305";;;;;;;;;;;;;;;;;;;
109;Gerente de Compras;"142405; 142410";;;;;;;;;;;;;;;;;;;
135;Gerente de Infraestrutura de TI;"142505; 142510";;;;;;;;;;;;;;;;;;;
569;Gerente de Logística;"141605; 141615; 142410";;;;;;;;;;;;;;;;;;;
464;Gerente de Loja;141415;;;;;;;;;;;;;;;;;;;
112;Gerente de Marketing;142315;;;;;;;;;;;;;;;;;;;
311;Gerente de Operações;141205;;;;;;;;;;;;;;;;;;;
66;Gerente de Pesquisa e Desenvolvimento P&D;142605;;;;;;;;;;;;;;;;;;;
613;Gerente de Produção;1412-05;;;;;;;;;;;;;;;;;;;
407;Gerente de Produto;"142315; 142605";;;;;;;;;;;;;;;;;;;
632;Gerente de Qualidade;"391205; 391210";;;;;;;;;;;;;;;;;;;
113;Gerente de RH / DP;142205;;;;;;;;;;;;;;;;;;;
1045;Gerente de Transportes;141605;;;;;;;;;;;;;;;;;;;
114;Gerente Financeiro;142115;;;;;;;;;;;;;;;;;;;
873;Gerente Industrial;1412-05;;;;;;;;;;;;;;;;;;;
148;Gerente Jurídico;"142110; 142125; 241010";;;;;;;;;;;;;;;;;;;
870;Inspetor de Qualidade;3912-05;;;;;;;;;;;;;;;;;;;
1091;Inspetor de Qualidade Externo;3912-05;;;;;;;;;;;;;;;;;;;
797;Laboratorista Têxtil;301105;;;;;;;;;;;;;;;;;;;
1187;Líder de Armazém;"252705; 252725; 252715";;;;;;;;;;;;;;;;;;;
968;Líder de Expedição;;;;;;;;;;;;;;;;;;;;
1046;Líder de Operações;;;;;;;;;;;;;;;;;;;;
1191;Líder Gate;342115;;;;;;;;;;;;;;;;;;;
819;Mecânico de Manutenção de Máquinas;"9113-05; 9113-10; 9113-15; 9113-20; 9113-25";;;;;;;;;;;;;;;;;;;
1095;Mecânico de Manutenção Teares;9113-20;;;;;;;;;;;;;;;;;;;
623;Modelista;763010;;;;;;;;;;;;;;;;;;;
356;Montador;"725105; 725205; 731105;; 731110; 731115; 731125; 731135; 731145; 774105";;;;;;;;;;;;;;;;;;;
151;Motorista;"782305; 782310; 782320";;;;;;;;;;;;;;;;;;;
874;Motorista Carreteiro;7825-10;;;;;;;;;;;;;;;;;;;
958;Motorista de Caminhão;782510;;;;;;;;;;;;;;;;;;;
769;Operador CNC;721410;;;;;;;;;;;;;;;;;;;
1109;Operador Conicaleira;7612-25;;;;;;;;;;;;;;;;;;;
802;Operador de Calandra;761415;;;;;;;;;;;;;;;;;;;
886;Operador de Caldeira;8621-20;;;;;;;;;;;;;;;;;;;
885;Operador de Centro de Usinagem;721405;;;;;;;;;;;;;;;;;;;
1096;Operador de Corte de Viés;7631-10;;;;;;;;;;;;;;;;;;;
1097;Operador de Embaladeira;7841-10;;;;;;;;;;;;;;;;;;;
868;Operador de Empilhadeira;782220;;;;;;;;;;;;;;;;;;;
1056;Operador de Empilhadeira de Grande Porte;782220;;;;;;;;;;;;;;;;;;;
1099;Operador de Entrada de Rama;7614-15;;;;;;;;;;;;;;;;;;;
875;Operador de estação de tratamento de água e efluentes;8623-05;;;;;;;;;;;;;;;;;;;
1101;Operador de Estamparia Digital;7614-10;;;;;;;;;;;;;;;;;;;
1055;Operador de Gate;"782110; 782115";;;;;;;;;;;;;;;;;;;
1098;Operador de Hidro Extrator;"7614-30; 7621-25";;;;;;;;;;;;;;;;;;;
1035;Operador de Produtos Abrasivos;"8214-35; 8232-65";;;;;;;;;;;;;;;;;;;
1000;Operador de Logistica;;;;;;;;;;;;;;;;;;;;
1132;Operador de Maquina de Têxtil;784205;;;;;;;;;;;;;;;;;;;
614;Operador de Máquina Prensa Hidráulica e Corte;"721215; 721225; 725205";;;;;;;;;;;;;;;;;;;
1105;Operador de Mesa Amostra;7614-10;;;;;;;;;;;;;;;;;;;
1001;Operador de Produção;;;;;;;;;;;;;;;;;;;;
799;Operador de Rama (Rameuse);761435;;;;;;;;;;;;;;;;;;;
1104;Operador de Saída de Rama;7614-10;;;;;;;;;;;;;;;;;;;
1107;Operador de Secador;7614-20;;;;;;;;;;;;;;;;;;;
1054;Operador de Transpaleteira;;;;;;;;;;;;;;;;;;;;
1108;Operador de Vaporizador;7614-20;;;;;;;;;;;;;;;;;;;
1110;Operador Entrada de Rameta;7614-35;;;;;;;;;;;;;;;;;;;
1103;Operador Felpadeira;7614-15;;;;;;;;;;;;;;;;;;;
1111;Operador Maquina de Corte;"7631-10; 7632-10;7632-15;8621-50";;;;;;;;;;;;;;;;;;;
1128;Operador Polivalente Industria Têxtil;761005;;;;;;;;;;;;;;;;;;;
1106;Operador Saída de Rameta;7614-10;;;;;;;;;;;;;;;;;;;
26;Orçamentista;252210;;;;;;;;;;;;;;;;;;;
1088;Pesador;;;;;;;;;;;;;;;;;;;;
1031;Pintor de Estruturas Metálicas;722315;;;;;;;;;;;;;;;;;;;
116;Porteiro;517410;;;;;;;;;;;;;;;;;;;
1032;Preparador de Máquinas-Ferramenta;7212-25;;;;;;;;;;;;;;;;;;;
869;Preparador de Tintas;"3117-15; 3117-20; 5163-30";;;;;;;;;;;;;;;;;;;
1100;Primeiro Operador Estamparia Rotativa;7614-10;;;;;;;;;;;;;;;;;;;
771;Programador de Centro de Usinagem;314110;;;;;;;;;;;;;;;;;;;
770;Programador de Torno CNC;"317115; 721430";;;;;;;;;;;;;;;;;;;
774;Projetista Metalúrgico;"2624-10; 3186-10";;;;;;;;;;;;;;;;;;;
624;Químico;213205;;;;;;;;;;;;;;;;;;;
1002;Recepcionista;;;;;;;;;;;;;;;;;;;;
329;Revisor;"261140; 766145";;;;;;;;;;;;;;;;;;;
1094;Revisor de Malha;7618-20;;;;;;;;;;;;;;;;;;;
3;Secretária Executiva;"252305; 252310; 252315; 422105";;;;;;;;;;;;;;;;;;;
1102;Segundo Operador Estamparia Rotativa;7614-10;;;;;;;;;;;;;;;;;;;
821;Soldador;724315;;;;;;;;;;;;;;;;;;;
474;Supervisor Administrativo;410105;;;;;;;;;;;;;;;;;;;
463;Supervisor Comercial;"520105; 520110";;;;;;;;;;;;;;;;;;;
236;Supervisor de Almoxarifado;410205;;;;;;;;;;;;;;;;;;;
491;Supervisor de Comércio Exterior;142305;;;;;;;;;;;;;;;;;;;
542;Supervisor de Franquia;"142305; 142320";;;;;;;;;;;;;;;;;;;
571;Supervisor de Logística;"141605; 141615";;;;;;;;;;;;;;;;;;;
591;Supervisor de Operações;410240;;;;;;;;;;;;;;;;;;;
718;Supervisor de Projetos em Metalúrgica;"1427-05; 2146-15";;;;;;;;;;;;;;;;;;;
659;Supervisor de Segurança do Trabalho;351605;;;;;;;;;;;;;;;;;;;
1092;Supervisor de Talhação;7601-05;;;;;;;;;;;;;;;;;;;
1043;Supervisor de Transportes;;;;;;;;;;;;;;;;;;;;
469;Supervisor Financeiro;410235;;;;;;;;;;;;;;;;;;;
1027;Talhador de Tecidos;"7631-10; 7631-15; 7631-20";;;;;;;;;;;;;;;;;;;
803;Tecelão de Malhas;761330;;;;;;;;;;;;;;;;;;;
1129;Tecelão Têxtil;761309;;;;;;;;;;;;;;;;;;;
676;Técnico de Automação;300105;;;;;;;;;;;;;;;;;;;
415;Técnico de PCP;;;;;;;;;;;;;;;;;;;;
695;Técnico em Eletroeletrônica;"313205; 313210";;;;;;;;;;;;;;;;;;;
143;Técnico em Eletrônica;3131-05;;;;;;;;;;;;;;;;;;;
417;Técnico em Eletrotécnica;"313105; 313130";;;;;;;;;;;;;;;;;;;
711;Técnico em Manutenção de Máquinas Industriais;910105;;;;;;;;;;;;;;;;;;;
717;Técnico em Meio Ambiente;"2140-10; 3115-05";;;;;;;;;;;;;;;;;;;
124;Técnico em Segurança do Trabalho;351605;;;;;;;;;;;;;;;;;;;
743;Técnico em Têxtil;311605;;;;;;;;;;;;;;;;;;;
1093;Tintureiro;5163-30;;;;;;;;;;;;;;;;;;;
772;Torneiro Mecânico;721215;;;;;;;;;;;;;;;;;;;
1192;Trader Comércio Exterior;"524105; 354305";;;;;;;;;;;;;;;;;;;
1130;Urdidor;761357;;;;;;;;;;;;;;;;;;;
454;Vendedor Externo;524105;;;;;;;;;;;;;;;;;;;
272;Vendedor Interno;"521105; 521110; 521120";;;;;;;;;;;;;;;;;;;
1189;Vistoriador ;342310;;;;;;;;;;;;;;;;;;;
465;Vendedor de Loja;5211-10;;;;;;;;;;;;;;;;;;;
1197;Operador de máquina de bordar;763310;;;;;;;;;;;;;;;;;;;
1198;Cozinheiro industrial;5132-15;;;;;;;;;;;;;;;;;;;
788;Nutricionista;2237-10;;;;;;;;;;;;;;;;;;;
617;Auxiliar de Cozinha;5135-05;;;;;;;;;;;;;;;;;;;
258;Administrador;252105;;;;;;;;;;;;;;;;;;;
5;Administrador de Redes;212310;;;;;;;;;;;;;;;;;;;
235;Administrador do Prédio;;;;;;;;;;;;;;;;;;;;
9;Advogado;"241005; 241040";;;;;;;;;;;;;;;;;;;
203;Almoxarife;414105;;;;;;;;;;;;;;;;;;;
13;Analista Administrativo;"252105; 411010";;;;;;;;;;;;;;;;;;;
476;Analista Business Partner;252405;;;;;;;;;;;;;;;;;;;
19;Analista Comercial;"354125; 411010";;;;;;;;;;;;;;;;;;;
21;Analista Contábil;252210;;;;;;;;;;;;;;;;;;;
16;Analista Financeiro;"252105; 252210";;;;;;;;;;;;;;;;;;;
276;Analista Fiscal;;;;;;;;;;;;;;;;;;;;
381;Analista Jurídico;"142125; 241040";;;;;;;;;;;;;;;;;;;
1167;Analista Musical;374155;;;;;;;;;;;;;;;;;;;
25;Analista de Atendimento e Suporte;"212420; 317210";;;;;;;;;;;;;;;;;;;
434;Analista de BI;"142330; 212405; 411010";;;;;;;;;;;;;;;;;;;
82;Analista de Banco de Dados;212305;;;;;;;;;;;;;;;;;;;
985;Analista de Cobrança;;;;;;;;;;;;;;;;;;;;
136;Analista de Compras;"142405; 411010";;;;;;;;;;;;;;;;;;;
23;Analista de Comunicação;"1423-25; 1423-35";;;;;;;;;;;;;;;;;;;
367;Analista de Comércio Exterior;354305;;;;;;;;;;;;;;;;;;;
435;Analista de Dados;"211205; 261215";;;;;;;;;;;;;;;;;;;
28;Analista de Departamento Pessoal;"252210; 252405; 413105";;;;;;;;;;;;;;;;;;;
829;Analista de E-commerce;"142330; 142355";;;;;;;;;;;;;;;;;;;
530;Analista de Engenharia;312105;;;;;;;;;;;;;;;;;;;
368;Analista de Faturamento;"252105; 413115";;;;;;;;;;;;;;;;;;;
15;Analista de Infraestrutura de TI;"212405; 212410; 212420";;;;;;;;;;;;;;;;;;;
371;Analista de Inteligência de Mercado;142335;;;;;;;;;;;;;;;;;;;
913;Analista de Laboratório e Análises Clínicas;2030-15;;;;;;;;;;;;;;;;;;;
37;Analista de Logística;"252725; 272515; 272705; 391125";;;;;;;;;;;;;;;;;;;
42;Analista de Marketing;142335;;;;;;;;;;;;;;;;;;;
370;Analista de Marketing Digital;142335;;;;;;;;;;;;;;;;;;;
511;Analista de Mídia;253115;;;;;;;;;;;;;;;;;;;
46;Analista de Negócios;142330;;;;;;;;;;;;;;;;;;;
306;Analista de Operações;"142320; 252105";;;;;;;;;;;;;;;;;;;
354;Analista de PCP;"2527-05; 3911-25";;;;;;;;;;;;;;;;;;;
17;Analista de Pesquisa e Desenvolvimento P&D;"142605; 395105";;;;;;;;;;;;;;;;;;;
190;Analista de Planejamento Financeiro;252545;;;;;;;;;;;;;;;;;;;
898;Analista de Prevenção à Fraude;351805;;;;;;;;;;;;;;;;;;;
48;Analista de Processos;"3116-05; 4110-05";;;;;;;;;;;;;;;;;;;
375;Analista de Produto;142335;;;;;;;;;;;;;;;;;;;
610;Analista de Produção;784205;;;;;;;;;;;;;;;;;;;
18;Analista de Projetos;2521-05;;;;;;;;;;;;;;;;;;;
439;Analista de Prospecção (BDR);354125;;;;;;;;;;;;;;;;;;;
438;Analista de Pré-vendas (SDR);354125;;;;;;;;;;;;;;;;;;;
374;Analista de Pós-vendas;"142330; 354125; 354140; 411010";;;;;;;;;;;;;;;;;;;
628;Analista de Qualidade;391210;;;;;;;;;;;;;;;;;;;
359;Analista de Recrutamento e Seleção;"252405; 351315";;;;;;;;;;;;;;;;;;;
52;Analista de Recursos Humanos;252405;;;;;;;;;;;;;;;;;;;
376;Analista de Relacionamento;"1423-30; 2521-05; 3541-25; 4110-05";;;;;;;;;;;;;;;;;;;
641;Analista de Relações Institucionais;142330;;;;;;;;;;;;;;;;;;;
362;Analista de Remuneração e Benefícios;252405;;;;;;;;;;;;;;;;;;;
22;Analista de Sistemas;212405;;;;;;;;;;;;;;;;;;;
29;Analista de Testes (Qualidade em TI);"212405; 212420";;;;;;;;;;;;;;;;;;;
754;Analista de Trade Marketing;142335;;;;;;;;;;;;;;;;;;;
379;Analista de Treinamento e Desenvolvimento;"233225; 252405";;;;;;;;;;;;;;;;;;;
981;Analista de crédito;;;;;;;;;;;;;;;;;;;;
1168;Apresentador;376320;;;;;;;;;;;;;;;;;;;
475;Arquiteto;"214105; 214110; 214115; 214125; 214130";;;;;;;;;;;;;;;;;;;
133;Arquiteto de Software;212405;;;;;;;;;;;;;;;;;;;
328;Arte Finalista;"318405; 318410; 766120";;;;;;;;;;;;;;;;;;;
59;Assistente Administrativo;411010;;;;;;;;;;;;;;;;;;;
62;Assistente Comercial;"344125; 411010";;;;;;;;;;;;;;;;;;;
273;Assistente Contábil;413110;;;;;;;;;;;;;;;;;;;
79;Assistente Financeiro;"411005; 411010; 413110";;;;;;;;;;;;;;;;;;;
277;Assistente Fiscal;;;;;;;;;;;;;;;;;;;;
80;Assistente Jurídico;"142125; 241005";;;;;;;;;;;;;;;;;;;
565;Assistente de Almoxarifado;414105;;;;;;;;;;;;;;;;;;;
319;Assistente de Atendimento e Suporte;"317210; 411010";;;;;;;;;;;;;;;;;;;
386;Assistente de CRM;;;;;;;;;;;;;;;;;;;;
67;Assistente de Compras;411010;;;;;;;;;;;;;;;;;;;
499;Assistente de Comunicação Interna;142345;;;;;;;;;;;;;;;;;;;
489;Assistente de Comércio Exterior;"354305; 411045";;;;;;;;;;;;;;;;;;;
150;Assistente de Controladoria;252210;;;;;;;;;;;;;;;;;;;
68;Assistente de Departamento Pessoal;411010;;;;;;;;;;;;;;;;;;;
828;Assistente de E-commerce;"3541-25; 4110-10";;;;;;;;;;;;;;;;;;;
531;Assistente de Engenharia;312105;;;;;;;;;;;;;;;;;;;
467;Assistente de Estoque;414125;;;;;;;;;;;;;;;;;;;
1169;Assistente de Estúdio;374105;;;;;;;;;;;;;;;;;;;
387;Assistente de Faturamento;413115;;;;;;;;;;;;;;;;;;;
69;Assistente de Infraestrutura de TI;"142535; 317210";;;;;;;;;;;;;;;;;;;
70;Assistente de Logística;414140;;;;;;;;;;;;;;;;;;;
71;Assistente de Marketing;411010;;;;;;;;;;;;;;;;;;;
577;Assistente de Marketing Digital;411010;;;;;;;;;;;;;;;;;;;
581;Assistente de Negócios;411010;;;;;;;;;;;;;;;;;;;
309;Assistente de Operações;411010;;;;;;;;;;;;;;;;;;;
1170;Assistente de Operações Audiovisuais;373145;;;;;;;;;;;;;;;;;;;
388;Assistente de PCP;391125;;;;;;;;;;;;;;;;;;;
594;Assistente de Pesquisa e Desenvolvimento P&D;"395105; 411010";;;;;;;;;;;;;;;;;;;
341;Assistente de Planejamento Financeiro;411010;;;;;;;;;;;;;;;;;;;
72;Assistente de Processos;411005;;;;;;;;;;;;;;;;;;;
616;Assistente de Produto;142335;;;;;;;;;;;;;;;;;;;
611;Assistente de Produção;"725205; 784205";;;;;;;;;;;;;;;;;;;
1171;Assistente de Produção Comunicação;262115;;;;;;;;;;;;;;;;;;;
74;Assistente de Projetos;411010;;;;;;;;;;;;;;;;;;;
292;Assistente de Prospecção (BDR);354125;;;;;;;;;;;;;;;;;;;
441;Assistente de Pré-vendas (SDR);354125;;;;;;;;;;;;;;;;;;;
389;Assistente de Pós-vendas;"354125; 411010";;;;;;;;;;;;;;;;;;;
629;Assistente de Qualidade;391215;;;;;;;;;;;;;;;;;;;
634;Assistente de Recrutamento e Seleção;411010;;;;;;;;;;;;;;;;;;;
77;Assistente de Recursos Humanos;411010;;;;;;;;;;;;;;;;;;;
642;Assistente de Relações Institucionais;142330;;;;;;;;;;;;;;;;;;;
31;Assistente de Tecnologia da Informação;"212305; 212405; 212410; 212420";;;;;;;;;;;;;;;;;;;
443;Assistente de Testes (Qualidade em TI);"212405; 212410";;;;;;;;;;;;;;;;;;;
752;Assistente de Topografia;312320;;;;;;;;;;;;;;;;;;;
755;Assistente de Trade Marketing;375115;;;;;;;;;;;;;;;;;;;
761;Assistente de Treinamento e Desenvolvimento;252405;;;;;;;;;;;;;;;;;;;
940;Atendente de Padaria Balcão;;;;;;;;;;;;;;;;;;;;
117;Atendente de Recepção;422105;;;;;;;;;;;;;;;;;;;
1165;Autor Roteirista;261505;;;;;;;;;;;;;;;;;;;
83;Auxiliar Administrativo;411005;;;;;;;;;;;;;;;;;;;
1152;Auxiliar de Acabamento Gráfico;766305;;;;;;;;;;;;;;;;;;;
392;Auxiliar de Almoxarifado;414105;;;;;;;;;;;;;;;;;;;
936;Auxiliar de Açougue;;;;;;;;;;;;;;;;;;;;
942;Auxiliar de Confeiteiro;;;;;;;;;;;;;;;;;;;;
617;Auxiliar de Cozinha;513505;;;;;;;;;;;;;;;;;;;
523;Auxiliar de Enfermagem;"322235; 322240; 322250";;;;;;;;;;;;;;;;;;;
566;Auxiliar de Estoque;414125;;;;;;;;;;;;;;;;;;;
974;Auxiliar de Farmácia;"5152-10; 5211-30";;;;;;;;;;;;;;;;;;;
1154;Auxiliar de Impressão;766215;;;;;;;;;;;;;;;;;;;
216;Auxiliar de Laboratório;818105;;;;;;;;;;;;;;;;;;;
88;Auxiliar de Logística;414140;;;;;;;;;;;;;;;;;;;
861;Auxiliar de Manutenção;;;;;;;;;;;;;;;;;;;;
589;Auxiliar de Operações;411005;;;;;;;;;;;;;;;;;;;
946;Auxiliar de Padeiro;;;;;;;;;;;;;;;;;;;;
393;Auxiliar de Produção;"725205; 784205";;;;;;;;;;;;;;;;;;;
91;Auxiliar de Serviços Gerais;"514310; 514320";;;;;;;;;;;;;;;;;;;
935;Açougueiro;;;;;;;;;;;;;;;;;;;;
260;Bioquímico;223410;;;;;;;;;;;;;;;;;;;
259;Biólogo;221105;;;;;;;;;;;;;;;;;;;
1172;Chefe de Reportagem;261120;;;;;;;;;;;;;;;;;;;
1173;Colunista;261510;;;;;;;;;;;;;;;;;;;
1174;Comentarista;261710;;;;;;;;;;;;;;;;;;;
93;Comprador;354205;;;;;;;;;;;;;;;;;;;
1141;Comunicador;2617-15;;;;;;;;;;;;;;;;;;;
945;Confeiteiro(a);;;;;;;;;;;;;;;;;;;;
955;Conferente;414215;;;;;;;;;;;;;;;;;;;
285;Consultor Comercial;354120;;;;;;;;;;;;;;;;;;;
149;Consultor de Negócios;142330;;;;;;;;;;;;;;;;;;;
94;Contador;252210;;;;;;;;;;;;;;;;;;;
1175;Controlador de Programação;373140;;;;;;;;;;;;;;;;;;;
95;Controller;252210;;;;;;;;;;;;;;;;;;;
39;Coordenador Administrativo;410105;;;;;;;;;;;;;;;;;;;
480;Coordenador Clínico;;;;;;;;;;;;;;;;;;;;
41;Coordenador Comercial;"520105; 520110";;;;;;;;;;;;;;;;;;;
274;Coordenador Contábil;252210;;;;;;;;;;;;;;;;;;;
122;Coordenador Financeiro;"252210; 410235";;;;;;;;;;;;;;;;;;;
279;Coordenador Fiscal;;;;;;;;;;;;;;;;;;;;
131;Coordenador Jurídico;"241005; 241040";;;;;;;;;;;;;;;;;;;
1180;Coordenador Telejornalismo;;;;;;;;;;;;;;;;;;;;
1179;Coordenador Técnico Comunicação;373220;;;;;;;;;;;;;;;;;;;
47;Coordenador de Atendimento e Suporte;"317210; 420135";;;;;;;;;;;;;;;;;;;
137;Coordenador de Compras;"142405; 142410";;;;;;;;;;;;;;;;;;;
491;Coordenador de Comércio Exterior;"142305; 354305";;;;;;;;;;;;;;;;;;;
123;Coordenador de Controladoria;"142105; 252210; 410105";;;;;;;;;;;;;;;;;;;
126;Coordenador de Departamento Pessoal;410105;;;;;;;;;;;;;;;;;;;
73;Coordenador de Desenvolvimento;"142510; 212405";;;;;;;;;;;;;;;;;;;
831;Coordenador de E-commerce;"142320; 142330; 142355";;;;;;;;;;;;;;;;;;;
524;Coordenador de Enfermagem;"1312-10; 2235-05";;;;;;;;;;;;;;;;;;;
933;Coordenador de Farmácia;;;;;;;;;;;;;;;;;;;;
132;Coordenador de Infraestrutura de TI;"212405; 212410; 212420";;;;;;;;;;;;;;;;;;;
552;Coordenador de Inteligência de Mercado;"142305; 142335";;;;;;;;;;;;;;;;;;;
768;Coordenador de Laboratório;301105;;;;;;;;;;;;;;;;;;;
567;Coordenador de Logística;"141605; 141615; 142410";;;;;;;;;;;;;;;;;;;
572;Coordenador de Loja;141415;;;;;;;;;;;;;;;;;;;
863;Coordenador de Manutenção;"142705; 514310; 514325";;;;;;;;;;;;;;;;;;;
56;Coordenador de Marketing;142315;;;;;;;;;;;;;;;;;;;
395;Coordenador de Marketing Digital;142315;;;;;;;;;;;;;;;;;;;
167;Coordenador de Negócios;"1423-05; 1423-20";;;;;;;;;;;;;;;;;;;
1176;Coordenador de Núcleo;261120;;;;;;;;;;;;;;;;;;;
209;Coordenador de Obras;7102;;;;;;;;;;;;;;;;;;;
295;Coordenador de Operações;410240;;;;;;;;;;;;;;;;;;;
864;Coordenador de PCP;;;;;;;;;;;;;;;;;;;;
78;Coordenador de Pesquisa e Desenvolvimento P&D;142605;;;;;;;;;;;;;;;;;;;
597;Coordenador de Planejamento Financeiro;252545;;;;;;;;;;;;;;;;;;;
119;Coordenador de Processos;391205;;;;;;;;;;;;;;;;;;;
305;Coordenador de Produto;"142315; 142605";;;;;;;;;;;;;;;;;;;
1178;Coordenador de Produto e Programação;410105;;;;;;;;;;;;;;;;;;;
396;Coordenador de Produção;1412-05;;;;;;;;;;;;;;;;;;;
1163;Coordenador de Produção Comunicação;373220;;;;;;;;;;;;;;;;;;;
1177;Coordenador de Produção Multímidia;261120;;;;;;;;;;;;;;;;;;;
97;Coordenador de Projetos;"142520; 142605";;;;;;;;;;;;;;;;;;;
447;Coordenador de Pré-vendas;"142305; 520110";;;;;;;;;;;;;;;;;;;
600;Coordenador de Pós-vendas;"142330; 520105; 520110";;;;;;;;;;;;;;;;;;;
631;Coordenador de Qualidade;"391205; 391210";;;;;;;;;;;;;;;;;;;
121;Coordenador de Recursos Humanos;142205;;;;;;;;;;;;;;;;;;;
657;Coordenador de Segurança do Trabalho;351605;;;;;;;;;;;;;;;;;;;
814;Coordenador de TI;2124-05;;;;;;;;;;;;;;;;;;;
826;Coordenador de Telemarketing;;;;;;;;;;;;;;;;;;;;
757;Coordenador de Trade Marketing;142315;;;;;;;;;;;;;;;;;;;
763;Coordenador de Treinamento e Desenvolvimento;2524-05;;;;;;;;;;;;;;;;;;;
612;Costureira;"763005; 763010; 763015; 763020";;;;;;;;;;;;;;;;;;;
619;Cozinheiro;"513205; 513215";;;;;;;;;;;;;;;;;;;
249;Desenhista Projetista;"318505; 318510";;;;;;;;;;;;;;;;;;;
1;Desenvolvedor;"212405; 317105; 317110";;;;;;;;;;;;;;;;;;;
142;Designer Gráfico;262410;;;;;;;;;;;;;;;;;;;
1181;Diagramador;766120;;;;;;;;;;;;;;;;;;;
99;Diretor Administrativo;123105;;;;;;;;;;;;;;;;;;;
100;Diretor Comercial;123305;;;;;;;;;;;;;;;;;;;
456;Diretor Executivo;121010;;;;;;;;;;;;;;;;;;;
125;Diretor Financeiro;123115;;;;;;;;;;;;;;;;;;;
460;Diretor Geral;121010;;;;;;;;;;;;;;;;;;;
1182;Diretor Geral Jornalismo;261115;;;;;;;;;;;;;;;;;;;
557;Diretor Jurídico;241005;;;;;;;;;;;;;;;;;;;
331;Diretor de Arte;2531-25;;;;;;;;;;;;;;;;;;;
496;Diretor de Compras;142405;;;;;;;;;;;;;;;;;;;
327;Diretor de Conteúdo;262215;;;;;;;;;;;;;;;;;;;
540;Diretor de Franquia;"142305; 142320";;;;;;;;;;;;;;;;;;;
1166;Diretor de Imagens;374425;;;;;;;;;;;;;;;;;;;
101;Diretor de Logística;123405;;;;;;;;;;;;;;;;;;;
573;Diretor de Loja;141415;;;;;;;;;;;;;;;;;;;
102;Diretor de Marketing;123310;;;;;;;;;;;;;;;;;;;
153;Diretor de Negócios;"123305; 123705";;;;;;;;;;;;;;;;;;;
198;Diretor de Operações;"122405; 123805";;;;;;;;;;;;;;;;;;;
620;Diretor de Produto;"142315; 142605";;;;;;;;;;;;;;;;;;;
403;Diretor de Produção;122205;;;;;;;;;;;;;;;;;;;
1164;Diretor de Programas;262215;;;;;;;;;;;;;;;;;;;
103;Diretor de Recursos Humanos;123205;;;;;;;;;;;;;;;;;;;
601;Diretor de Relacionamento;123305;;;;;;;;;;;;;;;;;;;
402;Diretor de Serviços;123605;;;;;;;;;;;;;;;;;;;
400;Diretor de Tecnologia;"123605; 123705";;;;;;;;;;;;;;;;;;;
179;Editor;"261120; 374405; 374410; 374415; 374420";;;;;;;;;;;;;;;;;;;
218;Eletricista;951105;;;;;;;;;;;;;;;;;;;
871;Embalador;"784105; 784110";;;;;;;;;;;;;;;;;;;
956;Empacotador;;;;;;;;;;;;;;;;;;;;
574;Encarregado Operador de Loja;521110;;;;;;;;;;;;;;;;;;;
820;Encarregado de Manutenção;"142705; 313115; 514310; 514325";;;;;;;;;;;;;;;;;;;
355;Encarregado de Produção;414210;;;;;;;;;;;;;;;;;;;
526;Enfermeiro;223505;;;;;;;;;;;;;;;;;;;
212;Engenheiro;214205;;;;;;;;;;;;;;;;;;;
1149;Engenheiro Ambiental;2140-05;;;;;;;;;;;;;;;;;;;
1145;Engenheiro Civil;2142;;;;;;;;;;;;;;;;;;;
1148;Engenheiro Eletricista;2143;;;;;;;;;;;;;;;;;;;
1147;Engenheiro Mecânico;2144;;;;;;;;;;;;;;;;;;;
1150;Engenheiro de Alimentos;2222-05;;;;;;;;;;;;;;;;;;;
1146;Engenheiro de Produção;2149-05;;;;;;;;;;;;;;;;;;;
264;Engenheiro de Segurança do Trabalho;2149-15;;;;;;;;;;;;;;;;;;;
145;Engenheiro de Tecnologia;"2032-10; 2122-05; 2122-10; 2122-15";;;;;;;;;;;;;;;;;;;
957;Entregador;7832-25;;;;;;;;;;;;;;;;;;;
535;Estagiário Nível Superior;;;;;;;;;;;;;;;;;;;;
536;Estagiário Nível Técnico;0;;;;;;;;;;;;;;;;;;;
425;Estagiário em TI;;;;;;;;;;;;;;;;;;;;
568;Estivador;783220;;;;;;;;;;;;;;;;;;;
468;Estoquista;414125;;;;;;;;;;;;;;;;;;;
105;Executivo de Contas;"354120; 354130";;;;;;;;;;;;;;;;;;;
406;Expedidor;4141-35;;;;;;;;;;;;;;;;;;;
482;Farmacêutico;223405;;;;;;;;;;;;;;;;;;;
872;Ferramenteiro;721105;;;;;;;;;;;;;;;;;;;
1139;Fresador Ferramenteiro;;;;;;;;;;;;;;;;;;;;
1137;Galvanizador;;;;;;;;;;;;;;;;;;;;
622;Garçom;513405;;;;;;;;;;;;;;;;;;;
106;Gerente Administrativo;142105;;;;;;;;;;;;;;;;;;;
483;Gerente Clínico;31210;;;;;;;;;;;;;;;;;;;
107;Gerente Comercial;"142105; 142305; 142320";;;;;;;;;;;;;;;;;;;
462;Gerente Comercial Regional;142320;;;;;;;;;;;;;;;;;;;
110;Gerente Contábil;252210;;;;;;;;;;;;;;;;;;;
114;Gerente Financeiro;142115;;;;;;;;;;;;;;;;;;;
461;Gerente Geral;141205;;;;;;;;;;;;;;;;;;;
1183;Gerente Geral Telejornalismo;261115;;;;;;;;;;;;;;;;;;;
563;Gerente Imobiliário;142105;;;;;;;;;;;;;;;;;;;
148;Gerente Jurídico;"142110; 142125; 241010";;;;;;;;;;;;;;;;;;;
815;Gerente de Atendimento;4201-35;;;;;;;;;;;;;;;;;;;
49;Gerente de Atendimento e Suporte;142530;;;;;;;;;;;;;;;;;;;
450;Gerente de Canais;"142305; 142320";;;;;;;;;;;;;;;;;;;
109;Gerente de Compras;"142405; 142410";;;;;;;;;;;;;;;;;;;
493;Gerente de Comércio Exterior;142305;;;;;;;;;;;;;;;;;;;
353;Gerente de Contratos;"241005; 410105";;;;;;;;;;;;;;;;;;;
111;Gerente de Controladoria;"142105; 252210";;;;;;;;;;;;;;;;;;;
283;Gerente de Departamento Pessoal;142210;;;;;;;;;;;;;;;;;;;
61;Gerente de Desenvolvimento de TI;142510;;;;;;;;;;;;;;;;;;;
832;Gerente de E-commerce;"142320; 142330; 142355";;;;;;;;;;;;;;;;;;;
213;Gerente de Engenharia;214205;;;;;;;;;;;;;;;;;;;
541;Gerente de Franquia;"142305; 142320";;;;;;;;;;;;;;;;;;;
157;Gerente de Fábrica;;;;;;;;;;;;;;;;;;;;
135;Gerente de Infraestrutura de TI;"142505; 142510";;;;;;;;;;;;;;;;;;;
569;Gerente de Logística;"141605; 141615; 142410";;;;;;;;;;;;;;;;;;;
464;Gerente de Loja;141415;;;;;;;;;;;;;;;;;;;
878;Gerente de Manutenção;142705;;;;;;;;;;;;;;;;;;;
112;Gerente de Marketing;142315;;;;;;;;;;;;;;;;;;;
579;Gerente de Marketing Digital;142315;;;;;;;;;;;;;;;;;;;
451;Gerente de Negócios;"142305; 142320; 142335; 354120";;;;;;;;;;;;;;;;;;;
214;Gerente de Obras;141305;;;;;;;;;;;;;;;;;;;
311;Gerente de Operações;141205;;;;;;;;;;;;;;;;;;;
66;Gerente de Pesquisa e Desenvolvimento P&D;142605;;;;;;;;;;;;;;;;;;;
608;Gerente de Processos;141205;;;;;;;;;;;;;;;;;;;
407;Gerente de Produto;"142315; 142605";;;;;;;;;;;;;;;;;;;
613;Gerente de Produção;141205;;;;;;;;;;;;;;;;;;;
65;Gerente de Projetos;"142520; 142525; 142530";;;;;;;;;;;;;;;;;;;
455;Gerente de Pré-vendas;142305;;;;;;;;;;;;;;;;;;;
352;Gerente de Pós-vendas;"142320; 142330";;;;;;;;;;;;;;;;;;;
632;Gerente de Qualidade;"391205; 391210";;;;;;;;;;;;;;;;;;;
113;Gerente de Recursos Humanos;"142205; 142215";;;;;;;;;;;;;;;;;;;
422;Gerente de Serviços;"141420; 142105";;;;;;;;;;;;;;;;;;;
63;Gerente de Tecnologia da Informação;"142510; 142530";;;;;;;;;;;;;;;;;;;
827;Gerente de Telemarketing;;;;;;;;;;;;;;;;;;;;
452;Gerente de Testes (Qualidade em TI);142510;;;;;;;;;;;;;;;;;;;
759;Gerente de Trade Marketing;142315;;;;;;;;;;;;;;;;;;;
765;Gerente de Treinamento e Desenvolvimento;142205;;;;;;;;;;;;;;;;;;;
1155;Impressor;766250;;;;;;;;;;;;;;;;;;;
797;Laboratorista Têxtil;301105;;;;;;;;;;;;;;;;;;;
938;Líder de Açougue;;;;;;;;;;;;;;;;;;;;
973;Líder de Bazar;;;;;;;;;;;;;;;;;;;;
943;Líder de Confeitaria;;;;;;;;;;;;;;;;;;;;
968;Líder de Expedição;;;;;;;;;;;;;;;;;;;;
967;Líder de Frente de Caixa;;;;;;;;;;;;;;;;;;;;
961;Líder de Frios;;;;;;;;;;;;;;;;;;;;
963;Líder de Hortifruti;;;;;;;;;;;;;;;;;;;;
965;Líder de Loja;;;;;;;;;;;;;;;;;;;;
949;Líder de Padaria;;;;;;;;;;;;;;;;;;;;
969;Líder de Prevenção de Perdas;;;;;;;;;;;;;;;;;;;;
819;Mecânico de Manutenção de Máquinas;"9113-05; 9113-10; 9113-15; 9113-20; 9113-25";;;;;;;;;;;;;;;;;;;
470;Mestre de Obras;710205;;;;;;;;;;;;;;;;;;;
867;Metrologista;"2012-10; 2012-15; 3523-05";;;;;;;;;;;;;;;;;;;
356;Montador;"725105; 725205; 731105;; 731110; 731115; 731125; 731135; 731145; 774105";;;;;;;;;;;;;;;;;;;
151;Motorista;"782305; 782310; 782320";;;;;;;;;;;;;;;;;;;
874;Motorista Carreteiro;7825-10;;;;;;;;;;;;;;;;;;;
958;Motorista de Caminhão;782510;;;;;;;;;;;;;;;;;;;
255;Médico do Trabalho;225140;;;;;;;;;;;;;;;;;;;
769;Operador CNC;721410;;;;;;;;;;;;;;;;;;;
1111;Operador Maquina de Corte;"7631-10; 7632-10; 8621-50";;;;;;;;;;;;;;;;;;;
1184;Operador Midia Audiovisual;"261715; 373105";;;;;;;;;;;;;;;;;;;
1135;Operador de Acabamento;;;;;;;;;;;;;;;;;;;;
1157;Operador de Acabamento Automatizado;766315;;;;;;;;;;;;;;;;;;;
1151;Operador de Acabamento Gráfico;766315;;;;;;;;;;;;;;;;;;;
1156;Operador de Acabamento Manual;766315;;;;;;;;;;;;;;;;;;;
466;Operador de Caixa;421125;;;;;;;;;;;;;;;;;;;
885;Operador de Centro de Usinagem;721405;;;;;;;;;;;;;;;;;;;
1159;Operador de Computação Gráfica;766155;;;;;;;;;;;;;;;;;;;
1162;Operador de Controle Mestre;373135;;;;;;;;;;;;;;;;;;;
1158;Operador de Corte e Vinco Automático;766310;;;;;;;;;;;;;;;;;;;
1142;Operador de Câmera;3721-15;;;;;;;;;;;;;;;;;;;
868;Operador de Empilhadeira;782220;;;;;;;;;;;;;;;;;;;
1140;Operador de Extrusora;;;;;;;;;;;;;;;;;;;;
1136;Operador de Forno;;;;;;;;;;;;;;;;;;;;
614;Operador de Máquina;"721215; 721225; 725205";;;;;;;;;;;;;;;;;;;
1153;Operador de Pré-Impressão;"766145; 766155; 784115";;;;;;;;;;;;;;;;;;;
875;Operador de estação de tratamento de água e efluentes;8623-05;;;;;;;;;;;;;;;;;;;
1038;Operador de máquinas de construção civil e mineração;"7151-10; 7151-15; 7151-20; 7151-25; 7151-30; 7151-35; 7151-40; 7151-45";;;;;;;;;;;;;;;;;;;
824;Operador de telemarketing;"4223-05; 4223-10; 4223-15; 4223-20";;;;;;;;;;;;;;;;;;;
26;Orçamentista;252210;;;;;;;;;;;;;;;;;;;
947;Padeiro;;;;;;;;;;;;;;;;;;;;
586;Pedreiro;715210;;;;;;;;;;;;;;;;;;;
116;Porteiro;517410;;;;;;;;;;;;;;;;;;;
869;Preparador de Tintas;"3117-15; 3117-20; 5163-30";;;;;;;;;;;;;;;;;;;
411;Presidente;"121010; 123305";;;;;;;;;;;;;;;;;;;
322;Produtor;262115;;;;;;;;;;;;;;;;;;;
833;Produtor Audiovisual;"2621-10; 2621-25; 2621-35; 3731-05; 373105; 3744-05";;;;;;;;;;;;;;;;;;;
323;Produtor de Eventos;354820;;;;;;;;;;;;;;;;;;;
771;Programador de Centro de Usinagem;314110;;;;;;;;;;;;;;;;;;;
770;Programador de Torno CNC;"317115; 721430";;;;;;;;;;;;;;;;;;;
257;Psicólogo;2515;;;;;;;;;;;;;;;;;;;
624;Químico;213205;;;;;;;;;;;;;;;;;;;
330;Redator;"142335; 253110; 261530";;;;;;;;;;;;;;;;;;;
84;Redator Técnico;"261120; 261530";;;;;;;;;;;;;;;;;;;
1143;Reporter;"2611-35; 2617-30; 2618-20";;;;;;;;;;;;;;;;;;;
570;Repositor;521125;;;;;;;;;;;;;;;;;;;
3;Secretária Executiva;"252305; 252310; 252315; 422105";;;;;;;;;;;;;;;;;;;
118;Secretário(a);422105;;;;;;;;;;;;;;;;;;;
587;Servente de Obras;717020;;;;;;;;;;;;;;;;;;;
821;Soldador;724315;;;;;;;;;;;;;;;;;;;
474;Supervisor Administrativo;410105;;;;;;;;;;;;;;;;;;;
463;Supervisor Comercial;"520105; 520110";;;;;;;;;;;;;;;;;;;
469;Supervisor Financeiro;410235;;;;;;;;;;;;;;;;;;;
1161;Supervisor Técnico;313215;;;;;;;;;;;;;;;;;;;
236;Supervisor de Almoxarifado;410205;;;;;;;;;;;;;;;;;;;
497;Supervisor de Compras;142405;;;;;;;;;;;;;;;;;;;
494;Supervisor de Comércio Exterior;142305;;;;;;;;;;;;;;;;;;;
542;Supervisor de Franquia;"142305; 142320";;;;;;;;;;;;;;;;;;;
571;Supervisor de Logística;"141605; 141615";;;;;;;;;;;;;;;;;;;
575;Supervisor de Loja;"520105; 520110";;;;;;;;;;;;;;;;;;;
882;Supervisor de Manutenção;;;;;;;;;;;;;;;;;;;;
588;Supervisor de Obras;7102;;;;;;;;;;;;;;;;;;;
591;Supervisor de Operações;410240;;;;;;;;;;;;;;;;;;;
598;Supervisor de Planejamento;142405;;;;;;;;;;;;;;;;;;;
625;Supervisor de Produto;"142315; 142605";;;;;;;;;;;;;;;;;;;
615;Supervisor de Produção;141205;;;;;;;;;;;;;;;;;;;
602;Supervisor de Pós-vendas;"520105; 520110";;;;;;;;;;;;;;;;;;;
825;Supervisor de Telemarketing;4201-35;;;;;;;;;;;;;;;;;;;
753;Topógrafo;312320;;;;;;;;;;;;;;;;;;;
1138;Torneiro Ferramenteiro;;;;;;;;;;;;;;;;;;;;
772;Torneiro Mecânico;721215;;;;;;;;;;;;;;;;;;;
697;Técnico de Enfermagem;"322205; 322210; 322215; 322220";;;;;;;;;;;;;;;;;;;
1134;Técnico de Enfermagem do Trabalho;3222-15;;;;;;;;;;;;;;;;;;;
1160;Técnico de Estação de Retransmissoras e Repetidoras de TV;"261715; 313215";;;;;;;;;;;;;;;;;;;
1144;Técnico de Sistemas Audiovisuais;3731-30;;;;;;;;;;;;;;;;;;;
85;Técnico de Suporte;317210;;;;;;;;;;;;;;;;;;;
269;Técnico em Edificações;312105;;;;;;;;;;;;;;;;;;;
695;Técnico em Eletroeletrônica;"313205; 313210";;;;;;;;;;;;;;;;;;;
696;Técnico em Eletromecânica;300305;;;;;;;;;;;;;;;;;;;
417;Técnico em Eletrotécnica;"313105; 313130";;;;;;;;;;;;;;;;;;;
143;Técnico em Eletrônica;"3131-05; 3132-15; 3132-20";;;;;;;;;;;;;;;;;;;
701;Técnico em Fabricação Mecânica;314105;;;;;;;;;;;;;;;;;;;
158;Técnico em Infraestrutura de TI;212305;;;;;;;;;;;;;;;;;;;
711;Técnico em Manutenção de Máquinas Industriais;910105;;;;;;;;;;;;;;;;;;;
717;Técnico em Meio Ambiente;"2140-10; 3115-05";;;;;;;;;;;;;;;;;;;
723;Técnico em Obras;"214280; 312105";;;;;;;;;;;;;;;;;;;
727;Técnico em Pré-Impressão Gráfica;766145;;;;;;;;;;;;;;;;;;;
124;Técnico em Segurança do Trabalho;351605;;;;;;;;;;;;;;;;;;;
421;UX/UI Designer;262410;;;;;;;;;;;;;;;;;;;
454;Vendedor Externo;524105;;;;;;;;;;;;;;;;;;;
272;Vendedor Interno;"521105; 521110; 521120";;;;;;;;;;;;;;;;;;;
350;Vendedor Técnico;524105;;;;;;;;;;;;;;;;;;;
457;Vice-Presidente;"123305; 123310";;;;;;;;;;;;;;;;;;;
661;Vigilante;517330;;;;;;;;;;;;;;;;;;;
212;Engenheiro;214205;;;;;;;;;;;;;;;;;;;
9;Advogado;"241005
241040";;;;;;;;;;;;;;;;;;;
203;Almoxarife;414105;;;;;;;;;;;;;;;;;;;
13;Analista Administrativo;"252105; 411010";;;;;;;;;;;;;;;;;;;
19;"Analista Comercial	";"354124; 411010";;;;;;;;;;;;;;;;;;;
1200;Analista de Captação de Recursos;4110-55;;;;;;;;;;;;;;;;;;;
136;Analista de Compras;142405;;;;;;;;;;;;;;;;;;;
876;Analista de Custos;252210;;;;;;;;;;;;;;;;;;;
437;Analista de Inovação ;142330;;;;;;;;;;;;;;;;;;;
42;Analista de Marketing;142335;;;;;;;;;;;;;;;;;;;
45;Analista de Mídias Sociais;253115;;;;;;;;;;;;;;;;;;;
190;Analista de Planejamento Financeiro;252545;;;;;;;;;;;;;;;;;;;
52;Analista de Recursos Humanos;252405;;;;;;;;;;;;;;;;;;;
376;Analista de Relacionamento;"1423-30; 2521-05; 3541-25; 4110-05";;;;;;;;;;;;;;;;;;;
30;Analista de Tecnologia da Informação;"212305; 212405; 212410; 212420";;;;;;;;;;;;;;;;;;;
1199;"Analista de Urbanismo	";2141-30;;;;;;;;;;;;;;;;;;;
16;Analista Financeiro;"252105; 252210";;;;;;;;;;;;;;;;;;;
475;Arquiteto;"214105; 214110; 214115; 214125; 214130";;;;;;;;;;;;;;;;;;;
59;Assistente Administrativo;411010;;;;;;;;;;;;;;;;;;;
62;Assistente Comercial;"344125; 411010";;;;;;;;;;;;;;;;;;;
67;Assistente de Compras;411010;;;;;;;;;;;;;;;;;;;
531;"Assistente de Engenharia	";312105;;;;;;;;;;;;;;;;;;;
390;Assistente de Infraestrutura Predial;cbo?;;;;;;;;;;;;;;;;;;;
1201;Assistente de Legalização;411010;;;;;;;;;;;;;;;;;;;
71;Assistente de Marketing;411010;;;;;;;;;;;;;;;;;;;
341;Assistente de Planejamento Financeiro;411010;;;;;;;;;;;;;;;;;;;
77;Assistente de Recursos Humanos;252405;;;;;;;;;;;;;;;;;;;
442;Assistente de Relacionamento;"142330; 252105; 354125; 411010";;;;;;;;;;;;;;;;;;;
31;Assistente de Tecnologia da Informação;"212305;212405;212410;212420";;;;;;;;;;;;;;;;;;;
79;Assistente Financeiro;"411005; 411010; 413110";;;;;;;;;;;;;;;;;;;
83;Auxiliar Administrativo;411005;;;;;;;;;;;;;;;;;;;
318;"Auxiliar de Atendimento        
";;;;;;;;;;;;;;;;;;;;
207;"Auxiliar de Engenharia	";312105;;;;;;;;;;;;;;;;;;;
91;Auxiliar de Serviços Gerais;"514310; 514320";;;;;;;;;;;;;;;;;;;
95;Controller;252210;;;;;;;;;;;;;;;;;;;
1202;Controller de Obras;252210;;;;;;;;;;;;;;;;;;;
39;Coordenador Administrativo;410105;;;;;;;;;;;;;;;;;;;
41;Coordenador Comercial;"520105; 520110";;;;;;;;;;;;;;;;;;;
137;Coordenador de Compras;"142405; 142410";;;;;;;;;;;;;;;;;;;
1203;Coordenador de Legalização;1421-05;;;;;;;;;;;;;;;;;;;
56;Coordenador de Marketing;142315;;;;;;;;;;;;;;;;;;;
209;Coordenador de Obras;7102;;;;;;;;;;;;;;;;;;;
597;Coordenador de Planejamento Financeiro;252545;;;;;;;;;;;;;;;;;;;
121;Coordenador de Recursos Humanos;142205;;;;;;;;;;;;;;;;;;;
448;Coordenador de Relacionamento;"410105; 420135";;;;;;;;;;;;;;;;;;;
76;Coordenador de Tecnologia da Informação;142605;;;;;;;;;;;;;;;;;;;
122;Coordenador Financeiro;410235;;;;;;;;;;;;;;;;;;;
99;"Diretor Administrativo	";123105;;;;;;;;;;;;;;;;;;;
100;Diretor Comercial;123305;;;;;;;;;;;;;;;;;;;
547;Diretor de Incorporação;122305;;;;;;;;;;;;;;;;;;;
400;Diretor de Tecnologia;"123605; 123705";;;;;;;;;;;;;;;;;;;
338;"Estagiário Administrativo	";;;;;;;;;;;;;;;;;;;;
1205;Estagiário de Engenharia Civil;;;;;;;;;;;;;;;;;;;;
105;Executivo de Contas;"354120; 354130";;;;;;;;;;;;;;;;;;;
106;Gerente Administrativo;142105;;;;;;;;;;;;;;;;;;;
107;Gerente Comercial;"142305; 142320";;;;;;;;;;;;;;;;;;;
109;Gerente de Compras;"142405; 142410";;;;;;;;;;;;;;;;;;;
213;"Gerente de Engenharia	";214205;;;;;;;;;;;;;;;;;;;
1205;Gerente de Imobiliárias;;;;;;;;;;;;;;;;;;;;
548;Gerente de Incorporação;"141305; 354605";;;;;;;;;;;;;;;;;;;
546;Coordenador de Incorporação;"141305; 354605";;;;;;;;;;;;;;;;;;;
112;Gerente de Marketing;142315;;;;;;;;;;;;;;;;;;;
451;"Gerente de Negócios	";"142305; 142320; 142335; 354120";;;;;;;;;;;;;;;;;;;
342;Gerente de Planejamento Financeiro;142605;;;;;;;;;;;;;;;;;;;
113;Gerente de Recursos Humanos;"142205; 142215";;;;;;;;;;;;;;;;;;;
408;Gerente de Relacionamento;"1421-05; 1423-05";;;;;;;;;;;;;;;;;;;
63;Gerente de Tecnologia da Informação;"142510; 142530";;;;;;;;;;;;;;;;;;;
114;Gerente Financeiro;142115;;;;;;;;;;;;;;;;;;;
473;Gerente Técnico de Loteamentos        ;;;;;;;;;;;;;;;;;;;;
583;"Supervisor de Negócios	";"142305; 142320";;;;;;;;;;;;;;;;;;;
588;Supervisor de Obras;;;;;;;;;;;;;;;;;;;;
469;Supervisor Financeiro;410235;;;;;;;;;;;;;;;;;;;
269;"Técnico em Edificações	";312105;;;;;;;;;;;;;;;;;;;
587;Servente de Obras;717020;;;;;;;;;;;;;;;;;;;
470;Mestre de Obras;710205;;;;;;;;;;;;;;;;;;;
123;Coordenador de Controladoria;"142105; 252210; 410105";;;;;;;;;;;;;;;;;;;
111;Gerente de Controladoria;"142105; 252210";;;;;;;;;;;;;;;;;;;
97;Coordenador de Projetos;"142520; 142605";;;;;;;;;;;;;;;;;;;
544;Assistente de Incorporação;312105;;;;;;;;;;;;;;;;;;;
543;Analista de Incorporação;312105;;;;;;;;;;;;;;;;;;;
124;Técnico em Segurança do Trabalho;351605;;;;;;;;;;;;;;;;;;;
407;Gerente de Produto;"142315; 142605";;;;;;;;;;;;;;;;;;;
305;Coordenador de Produto;"142315; 142605";;;;;;;;;;;;;;;;;;;
375;Analista de Produto;142335;;;;;;;;;;;;;;;;;;;
26;Analista de Controladoria;252210;;;;;;;;;;;;;;;;;;;
46;Analista de Negocios;142330;;;;;;;;;;;;;;;;;;;
18;Analista de Projetos;226938;;;;;;;;;;;;;;;;;;;
65;Gerente de Projetos;"142520; 142525; 142530";;;;;;;;;;;;;;;;;;;
91;Auxiliar de Serviços Gerais;;;;;;;;;;;;;;;;;;;;
;Coordenador Acadêmico;;;;;;;;;;;;;;;;;;;;
;Secretária Escolar;;;;;;;;;;;;;;;;;;;;
62;Assistente Comercial;;;;;;;;;;;;;;;;;;;;
;Bibliotecário;;;;;;;;;;;;;;;;;;;;
;Técnico em Informática;;;;;;;;;;;;;;;;;;;;
77;Assistente de Recursos Humanos;;;;;;;;;;;;;;;;;;;;
79;Assistente Financeiro;;;;;;;;;;;;;;;;;;;;
71;Assistente de Marketing;;;;;;;;;;;;;;;;;;;;
;Diretor de Instituição Educacional;;;;;;;;;;;;;;;;;;;;
;Professor de Ensino Médio;;;;;;;;;;;;;;;;;;;;
;Professor de Ensino Superior;;;;;;;;;;;;;;;;;;;;
16;Analista Financeiro;;;;;;;;;;;;;;;;;;;;
122;Coordenador Financeiro;;;;;;;;;;;;;;;;;;;;
59;Assistente Administrativo;;;;;;;;;;;;;;;;;;;;
;Assistente de Ensino;;;;;;;;;;;;;;;;;;;;
;Auxiliar de Infraestrutura Predial;;;;;;;;;;;;;;;;;;;;
41;Coordenador Comercial;;;;;;;;;;;;;;;;;;;;
;Professor de Pós-graduação;;;;;;;;;;;;;;;;;;;;
13;Analista Administrativo;;;;;;;;;;;;;;;;;;;;
52;Analista de Recursos Humanos;;;;;;;;;;;;;;;;;;;;
132;Coordenador de Infraestrutura de TI;;;;;;;;;;;;;;;;;;;;
;Professor de Educação Infantil;;;;;;;;;;;;;;;;;;;;
;Professor de Ensino Fundamental - Anos finais;;;;;;;;;;;;;;;;;;;;
;Professor de Ensino Fundamental - Anos iniciais;;;;;;;;;;;;;;;;;;;;
203;Almoxarife;;;;;;;;;;;;;;;;;;;;
42;Analista de Marketing;;;;;;;;;;;;;;;;;;;;
22;Analista de Sistemas;;;;;;;;;;;;;;;;;;;;
83;Auxiliar Administrativo;;;;;;;;;;;;;;;;;;;;
121;Coordenador de Recursos Humanos;;;;;;;;;;;;;;;;;;;;
619;Cozinheiro;;;;;;;;;;;;;;;;;;;;
399;Designer;;;;;;;;;;;;;;;;;;;;
19;Analista Comercial;;;;;;;;;;;;;;;;;;;;
21;Analista Contábil;;;;;;;;;;;;;;;;;;;;
25;Analista de Atendimento e Suporte;;;;;;;;;;;;;;;;;;;;
28;Analista de Departamento Pessoal;;;;;;;;;;;;;;;;;;;;
15;Analista de Infraestrutura de TI;;;;;;;;;;;;;;;;;;;;
190;Analista de Planejamento Financeiro;;;;;;;;;;;;;;;;;;;;
67;Assistente de Compras;;;;;;;;;;;;;;;;;;;;
;Assistente de Laboratório;;;;;;;;;;;;;;;;;;;;
;Assistente Social;;;;;;;;;;;;;;;;;;;;
;Auxiliar de Ensino;;;;;;;;;;;;;;;;;;;;
39;Coordenador Administrativo;;;;;;;;;;;;;;;;;;;;
99;Diretor Administrativo;;;;;;;;;;;;;;;;;;;;
878;Gerente de Manutenção;;;;;;;;;;;;;;;;;;;;
;Monitor Escolar;;;;;;;;;;;;;;;;;;;;
151;Motorista;;;;;;;;;;;;;;;;;;;;
661;Vigilante;;;;;;;;;;;;;;;;;;;;
50;Analista de Qualidade e Processos;;;;;;;;;;;;;;;;;;;;
177;Analista Educacional;;;;;;;;;;;;;;;;;;;;
;Assessor Acadêmico;;;;;;;;;;;;;;;;;;;;
;Assessor de Imprensa;;;;;;;;;;;;;;;;;;;;
273;Assistente Contábil;;;;;;;;;;;;;;;;;;;;
75;Assistente de Qualidade e Processos;;;;;;;;;;;;;;;;;;;;
;Assistente Pedagógico;;;;;;;;;;;;;;;;;;;;
93;Comprador;;;;;;;;;;;;;;;;;;;;
94;Contador;;;;;;;;;;;;;;;;;;;;
47;Coordenador de Atendimento e Suporte;;;;;;;;;;;;;;;;;;;;
;Coordenador de Educação Corporativa;;;;;;;;;;;;;;;;;;;;
863;Coordenador de Manutenção;;;;;;;;;;;;;;;;;;;;
120;Coordenador de Qualidade e Processos;;;;;;;;;;;;;;;;;;;;
;Coordenador Pedagógico;;;;;;;;;;;;;;;;;;;;
1;Desenvolvedor;;;;;;;;;;;;;;;;;;;;
820;Encarregado de Manutenção;;;;;;;;;;;;;;;;;;;;
112;Gerente de Marketing;;;;;;;;;;;;;;;;;;;;
114;Gerente Financeiro;;;;;;;;;;;;;;;;;;;;
;Orientador Educacional;;;;;;;;;;;;;;;;;;;;
586;Pedreiro;;;;;;;;;;;;;;;;;;;;
;Pró-Reitor de Ensino e Extensão;;;;;;;;;;;;;;;;;;;;
833;Produtor Audiovisual;;;;;;;;;;;;;;;;;;;;
;Psicopedagogo;;;;;;;;;;;;;;;;;;;;
;Reitor;;;;;;;;;;;;;;;;;;;;
;Técnico em Mecânica;;;;;;;;;;;;;;;;;;;;
124;Técnico em Segurança do Trabalho;;;;;;;;;;;;;;;;;;;;
274;Coordenador Contábil;;;;;;;;;;;;;;;;;;;;
56;Coordenador de Marketing;;;;;;;;;;;;;;;;;;;;
146;Designer Instrucional;;;;;;;;;;;;;;;;;;;;
106;Gerente Administrativo;;;;;;;;;;;;;;;;;;;;
107;Gerente Comercial;;;;;;;;;;;;;;;;;;;;
;Pintor;;;;;;;;;;;;;;;;;;;;
417;Técnico em Eletrotécnica;;;;;;;;;;;;;;;;;;;;
;Gerente de Segurança Patrimonial;;;;;;;;;;;;;;;;;;;;
;Professor Educação Especial;;;;;;;;;;;;;;;;;;;;
;;;;;;;;;;;;;;;;;;;;;
;;;;;;;;;;;;;;;;;;;;;
;;;;;;;;;;;;;;;;;;;;;
;;;;;;;;;;;;;;;;;;;;;
;;;;;;;;;;;;;;;;;;;;;
;;;;;;;;;;;;;;;;;;;;;
;;;;;;;;;;;;;;;;;;;;;
;;;;;;;;;;;;;;;;;;;;;
;;;;;;;;;;;;;;;;;;;;;
;;;;;;;;;;;;;;;;;;;;;
;;;;;;;;;;;;;;;;;;;;;
;;;;;;;;;;;;;;;;;;;;;
;;;;;;;;;;;;;;;;;;;;;
;;;;;;;;;;;;;;;;;;;;;
;;;;;;;;;;;;;;;;;;;;;
;;;;;;;;;;;;;;;;;;;;;
;;;;;;;;;;;;;;;;;;;;;
;;;;;;;;;;;;;;;;;;;;;
;;;;;;;;;;;;;;;;;;;;;
;;;;;;;;;;;;;;;;;;;;;
;;;;;;;;;;;;;;;;;;;;;
;;;;;;;;;;;;;;;;;;;;;
;;;;;;;;;;;;;;;;;;;;;
;;;;;;;;;;;;;;;;;;;;;
;;;;;;;;;;;;;;;;;;;;;
;;;;;;;;;;;;;;;;;;;;;
;;;;;;;;;;;;;;;;;;;;;
;;;;;;;;;;;;;;;;;;;;;
;;;;;;;;;;;;;;;;;;;;;
;;;;;;;;;;;;;;;;;;;;;
;;;;;;;;;;;;;;;;;;;;;
;;;;;;;;;;;;;;;;;;;;;
;;;;;;;;;;;;;;;;;;;;;
;;;;;;;;;;;;;;;;;;;;;
;;;;;;;;;;;;;;;;;;;;;
;;;;;;;;;;;;;;;;;;;;;
;;;;;;;;;;;;;;;;;;;;;
;;;;;;;;;;;;;;;;;;;;;
;;;;;;;;;;;;;;;;;;;;;
;;;;;;;;;;;;;;;;;;;;;
;;;;;;;;;;;;;;;;;;;;;
;;;;;;;;;;;;;;;;;;;;;
;;;;;;;;;;;;;;;;;;;;;
;;;;;;;;;;;;;;;;;;;;;
;;;;;;;;;;;;;;;;;;;;;
;;;;;;;;;;;;;;;;;;;;;
;;;;;;;;;;;;;;;;;;;;;
;;;;;;;;;;;;;;;;;;;;;
;;;;;;;;;;;;;;;;;;;;;
;;;;;;;;;;;;;;;;;;;;;
;;;;;;;;;;;;;;;;;;;;;
;;;;;;;;;;;;;;;;;;;;;
;;;;;;;;;;;;;;;;;;;;;
;;;;;;;;;;;;;;;;;;;;;
;;;;;;;;;;;;;;;;;;;;;
;;;;;;;;;;;;;;;;;;;;;
;;;;;;;;;;;;;;;;;;;;;
;;;;;;;;;;;;;;;;;;;;;
;;;;;;;;;;;;;;;;;;;;;
;;;;;;;;;;;;;;;;;;;;;
;;;;;;;;;;;;;;;;;;;;;
;;;;;;;;;;;;;;;;;;;;;
;;;;;;;;;;;;;;;;;;;;;
;;;;;;;;;;;;;;;;;;;;;
;;;;;;;;;;;;;;;;;;;;;
;;;;;;;;;;;;;;;;;;;;;
;;;;;;;;;;;;;;;;;;;;;
;;;;;;;;;;;;;;;;;;;;;
;;;;;;;;;;;;;;;;;;;;;
;;;;;;;;;;;;;;;;;;;;;
;;;;;;;;;;;;;;;;;;;;;
;;;;;;;;;;;;;;;;;;;;;
;;;;;;;;;;;;;;;;;;;;;
;;;;;;;;;;;;;;;;;;;;;
;;;;;;;;;;;;;;;;;;;;;
;;;;;;;;;;;;;;;;;;;;;
;;;;;;;;;;;;;;;;;;;;;
;;;;;;;;;;;;;;;;;;;;;
;;;;;;;;;;;;;;;;;;;;;
;;;;;;;;;;;;;;;;;;;;;
;;;;;;;;;;;;;;;;;;;;;
;;;;;;;;;;;;;;;;;;;;;
;;;;;;;;;;;;;;;;;;;;;
;;;;;;;;;;;;;;;;;;;;;
;;;;;;;;;;;;;;;;;;;;;
;;;;;;;;;;;;;;;;;;;;;
;;;;;;;;;;;;;;;;;;;;;
;;;;;;;;;;;;;;;;;;;;;
;;;;;;;;;;;;;;;;;;;;;
;;;;;;;;;;;;;;;;;;;;;
;;;;;;;;;;;;;;;;;;;;;
;;;;;;;;;;;;;;;;;;;;;
;;;;;;;;;;;;;;;;;;;;;
;;;;;;;;;;;;;;;;;;;;;
;;;;;;;;;;;;;;;;;;;;;
;;;;;;;;;;;;;;;;;;;;;
;;;;;;;;;;;;;;;;;;;;;
;;;;;;;;;;;;;;;;;;;;;
;;;;;;;;;;;;;;;;;;;;;
;;;;;;;;;;;;;;;;;;;;;
;;;;;;;;;;;;;;;;;;;;;
;;;;;;;;;;;;;;;;;;;;;
;;;;;;;;;;;;;;;;;;;;;
;;;;;;;;;;;;;;;;;;;;;
;;;;;;;;;;;;;;;;;;;;;
;;;;;;;;;;;;;;;;;;;;;
;;;;;;;;;;;;;;;;;;;;;
;;;;;;;;;;;;;;;;;;;;;
;;;;;;;;;;;;;;;;;;;;;
;;;;;;;;;;;;;;;;;;;;;
;;;;;;;;;;;;;;;;;;;;;
;;;;;;;;;;;;;;;;;;;;;
;;;;;;;;;;;;;;;;;;;;;
;;;;;;;;;;;;;;;;;;;;;
;;;;;;;;;;;;;;;;;;;;;
;;;;;;;;;;;;;;;;;;;;;
;;;;;;;;;;;;;;;;;;;;;
;;;;;;;;;;;;;;;;;;;;;
;;;;;;;;;;;;;;;;;;;;;
;;;;;;;;;;;;;;;;;;;;;
;;;;;;;;;;;;;;;;;;;;;
;;;;;;;;;;;;;;;;;;;;;
;;;;;;;;;;;;;;;;;;;;;
;;;;;;;;;;;;;;;;;;;;;
;;;;;;;;;;;;;;;;;;;;;
;;;;;;;;;;;;;;;;;;;;;
;;;;;;;;;;;;;;;;;;;;;
;;;;;;;;;;;;;;;;;;;;;
;;;;;;;;;;;;;;;;;;;;;
;;;;;;;;;;;;;;;;;;;;;
;;;;;;;;;;;;;;;;;;;;;
;;;;;;;;;;;;;;;;;;;;;
;;;;;;;;;;;;;;;;;;;;;
;;;;;;;;;;;;;;;;;;;;;
;;;;;;;;;;;;;;;;;;;;;
;;;;;;;;;;;;;;;;;;;;;
;;;;;;;;;;;;;;;;;;;;;
;;;;;;;;;;;;;;;;;;;;;
;;;;;;;;;;;;;;;;;;;;;
;;;;;;;;;;;;;;;;;;;;;
;;;;;;;;;;;;;;;;;;;;;
;;;;;;;;;;;;;;;;;;;;;
;;;;;;;;;;;;;;;;;;;;;
;;;;;;;;;;;;;;;;;;;;;
;;;;;;;;;;;;;;;;;;;;;
;;;;;;;;;;;;;;;;;;;;;
;;;;;;;;;;;;;;;;;;;;;
;;;;;;;;;;;;;;;;;;;;;
;;;;;;;;;;;;;;;;;;;;;
;;;;;;;;;;;;;;;;;;;;;
;;;;;;;;;;;;;;;;;;;;;
;;;;;;;;;;;;;;;;;;;;;
;;;;;;;;;;;;;;;;;;;;;
;;;;;;;;;;;;;;;;;;;;;
;;;;;;;;;;;;;;;;;;;;;
;;;;;;;;;;;;;;;;;;;;;
;;;;;;;;;;;;;;;;;;;;;
;;;;;;;;;;;;;;;;;;;;;
;;;;;;;;;;;;;;;;;;;;;
;;;;;;;;;;;;;;;;;;;;;
;;;;;;;;;;;;;;;;;;;;;
;;;;;;;;;;;;;;;;;;;;;
;;;;;;;;;;;;;;;;;;;;;
;;;;;;;;;;;;;;;;;;;;;
;;;;;;;;;;;;;;;;;;;;;
;;;;;;;;;;;;;;;;;;;;;
;;;;;;;;;;;;;;;;;;;;;
;;;;;;;;;;;;;;;;;;;;;
;;;;;;;;;;;;;;;;;;;;;
;;;;;;;;;;;;;;;;;;;;;
;;;;;;;;;;;;;;;;;;;;;
;;;;;;;;;;;;;;;;;;;;;
;;;;;;;;;;;;;;;;;;;;;
;;;;;;;;;;;;;;;;;;;;;
;;;;;;;;;;;;;;;;;;;;;
;;;;;;;;;;;;;;;;;;;;;
;;;;;;;;;;;;;;;;;;;;;
;;;;;;;;;;;;;;;;;;;;;
;;;;;;;;;;;;;;;;;;;;;
;;;;;;;;;;;;;;;;;;;;;
;;;;;;;;;;;;;;;;;;;;;
;;;;;;;;;;;;;;;;;;;;;
;;;;;;;;;;;;;;;;;;;;;
;;;;;;;;;;;;;;;;;;;;;
;;;;;;;;;;;;;;;;;;;;;
;;;;;;;;;;;;;;;;;;;;;
;;;;;;;;;;;;;;;;;;;;;
;;;;;;;;;;;;;;;;;;;;;
;;;;;;;;;;;;;;;;;;;;;
;;;;;;;;;;;;;;;;;;;;;
;;;;;;;;;;;;;;;;;;;;;
;;;;;;;;;;;;;;;;;;;;;
;;;;;;;;;;;;;;;;;;;;;
;;;;;;;;;;;;;;;;;;;;;
;;;;;;;;;;;;;;;;;;;;;
;;;;;;;;;;;;;;;;;;;;;
;;;;;;;;;;;;;;;;;;;;;
;;;;;;;;;;;;;;;;;;;;;
;;;;;;;;;;;;;;;;;;;;;
;;;;;;;;;;;;;;;;;;;;;
;;;;;;;;;;;;;;;;;;;;;
;;;;;;;;;;;;;;;;;;;;;
;;;;;;;;;;;;;;;;;;;;;
;;;;;;;;;;;;;;;;;;;;;
;;;;;;;;;;;;;;;;;;;;;
;;;;;;;;;;;;;;;;;;;;;
;;;;;;;;;;;;;;;;;;;;;
;;;;;;;;;;;;;;;;;;;;;
;;;;;;;;;;;;;;;;;;;;;
;;;;;;;;;;;;;;;;;;;;;
;;;;;;;;;;;;;;;;;;;;;
;;;;;;;;;;;;;;;;;;;;;
;;;;;;;;;;;;;;;;;;;;;
;;;;;;;;;;;;;;;;;;;;;
;;;;;;;;;;;;;;;;;;;;;
;;;;;;;;;;;;;;;;;;;;;
;;;;;;;;;;;;;;;;;;;;;
;;;;;;;;;;;;;;;;;;;;;
;;;;;;;;;;;;;;;;;;;;;
;;;;;;;;;;;;;;;;;;;;;
;;;;;;;;;;;;;;;;;;;;;
;;;;;;;;;;;;;;;;;;;;;
;;;;;;;;;;;;;;;;;;;;;
;;;;;;;;;;;;;;;;;;;;;
;;;;;;;;;;;;;;;;;;;;;
;;;;;;;;;;;;;;;;;;;;;
;;;;;;;;;;;;;;;;;;;;;
;;;;;;;;;;;;;;;;;;;;;
;;;;;;;;;;;;;;;;;;;;;
;;;;;;;;;;;;;;;;;;;;;
;;;;;;;;;;;;;;;;;;;;;
;;;;;;;;;;;;;;;;;;;;;
;;;;;;;;;;;;;;;;;;;;;
;;;;;;;;;;;;;;;;;;;;;
;;;;;;;;;;;;;;;;;;;;;
;;;;;;;;;;;;;;;;;;;;;
;;;;;;;;;;;;;;;;;;;;;
;;;;;;;;;;;;;;;;;;;;;
;;;;;;;;;;;;;;;;;;;;;
;;;;;;;;;;;;;;;;;;;;;
;;;;;;;;;;;;;;;;;;;;;
;;;;;;;;;;;;;;;;;;;;;
;;;;;;;;;;;;;;;;;;;;;
;;;;;;;;;;;;;;;;;;;;;
;;;;;;;;;;;;;;;;;;;;;
;;;;;;;;;;;;;;;;;;;;;
;;;;;;;;;;;;;;;;;;;;;
;;;;;;;;;;;;;;;;;;;;;
;;;;;;;;;;;;;;;;;;;;;
;;;;;;;;;;;;;;;;;;;;;
;;;;;;;;;;;;;;;;;;;;;
;;;;;;;;;;;;;;;;;;;;;
;;;;;;;;;;;;;;;;;;;;;
;;;;;;;;;;;;;;;;;;;;;
;;;;;;;;;;;;;;;;;;;;;
;;;;;;;;;;;;;;;;;;;;;
;;;;;;;;;;;;;;;;;;;;;
;;;;;;;;;;;;;;;;;;;;;
;;;;;;;;;;;;;;;;;;;;;
;;;;;;;;;;;;;;;;;;;;;
;;;;;;;;;;;;;;;;;;;;;
;;;;;;;;;;;;;;;;;;;;;
;;;;;;;;;;;;;;;;;;;;;
;;;;;;;;;;;;;;;;;;;;;
;;;;;;;;;;;;;;;;;;;;;
;;;;;;;;;;;;;;;;;;;;;
;;;;;;;;;;;;;;;;;;;;;
;;;;;;;;;;;;;;;;;;;;;
;;;;;;;;;;;;;;;;;;;;;
;;;;;;;;;;;;;;;;;;;;;
;;;;;;;;;;;;;;;;;;;;;
;;;;;;;;;;;;;;;;;;;;;
;;;;;;;;;;;;;;;;;;;;;
;;;;;;;;;;;;;;;;;;;;;
;;;;;;;;;;;;;;;;;;;;;
;;;;;;;;;;;;;;;;;;;;;
;;;;;;;;;;;;;;;;;;;;;
;;;;;;;;;;;;;;;;;;;;;
;;;;;;;;;;;;;;;;;;;;;
;;;;;;;;;;;;;;;;;;;;;
;;;;;;;;;;;;;;;;;;;;;
;;;;;;;;;;;;;;;;;;;;;
;;;;;;;;;;;;;;;;;;;;;
;;;;;;;;;;;;;;;;;;;;;
;;;;;;;;;;;;;;;;;;;;;
;;;;;;;;;;;;;;;;;;;;;
;;;;;;;;;;;;;;;;;;;;;
;;;;;;;;;;;;;;;;;;;;;
;;;;;;;;;;;;;;;;;;;;;
;;;;;;;;;;;;;;;;;;;;;
;;;;;;;;;;;;;;;;;;;;;
;;;;;;;;;;;;;;;;;;;;;
;;;;;;;;;;;;;;;;;;;;;
;;;;;;;;;;;;;;;;;;;;;
;;;;;;;;;;;;;;;;;;;;;
;;;;;;;;;;;;;;;;;;;;;
;;;;;;;;;;;;;;;;;;;;;
;;;;;;;;;;;;;;;;;;;;;
;;;;;;;;;;;;;;;;;;;;;
;;;;;;;;;;;;;;;;;;;;;
;;;;;;;;;;;;;;;;;;;;;
;;;;;;;;;;;;;;;;;;;;;
;;;;;;;;;;;;;;;;;;;;;
;;;;;;;;;;;;;;;;;;;;;
;;;;;;;;;;;;;;;;;;;;;
;;;;;;;;;;;;;;;;;;;;;
;;;;;;;;;;;;;;;;;;;;;
;;;;;;;;;;;;;;;;;;;;;
;;;;;;;;;;;;;;;;;;;;;
;;;;;;;;;;;;;;;;;;;;;
;;;;;;;;;;;;;;;;;;;;;
;;;;;;;;;;;;;;;;;;;;;
;;;;;;;;;;;;;;;;;;;;;
;;;;;;;;;;;;;;;;;;;;;
;;;;;;;;;;;;;;;;;;;;;
;;;;;;;;;;;;;;;;;;;;;
;;;;;;;;;;;;;;;;;;;;;
;;;;;;;;;;;;;;;;;;;;;
;;;;;;;;;;;;;;;;;;;;;
;;;;;;;;;;;;;;;;;;;;;
;;;;;;;;;;;;;;;;;;;;;
;;;;;;;;;;;;;;;;;;;;;
;;;;;;;;;;;;;;;;;;;;;
;;;;;;;;;;;;;;;;;;;;;
;;;;;;;;;;;;;;;;;;;;;
;;;;;;;;;;;;;;;;;;;;;
;;;;;;;;;;;;;;;;;;;;;
;;;;;;;;;;;;;;;;;;;;;
;;;;;;;;;;;;;;;;;;;;;
;;;;;;;;;;;;;;;;;;;;;
;;;;;;;;;;;;;;;;;;;;;
;;;;;;;;;;;;;;;;;;;;;
;;;;;;;;;;;;;;;;;;;;;
;;;;;;;;;;;;;;;;;;;;;
;;;;;;;;;;;;;;;;;;;;;
;;;;;;;;;;;;;;;;;;;;;
;;;;;;;;;;;;;;;;;;;;;
;;;;;;;;;;;;;;;;;;;;;
;;;;;;;;;;;;;;;;;;;;;
;;;;;;;;;;;;;;;;;;;;;
;;;;;;;;;;;;;;;;;;;;;
;;;;;;;;;;;;;;;;;;;;;
;;;;;;;;;;;;;;;;;;;;;
;;;;;;;;;;;;;;;;;;;;;
;;;;;;;;;;;;;;;;;;;;;
;;;;;;;;;;;;;;;;;;;;;
;;;;;;;;;;;;;;;;;;;;;
;;;;;;;;;;;;;;;;;;;;;
;;;;;;;;;;;;;;;;;;;;;
;;;;;;;;;;;;;;;;;;;;;
;;;;;;;;;;;;;;;;;;;;;
;;;;;;;;;;;;;;;;;;;;;
;;;;;;;;;;;;;;;;;;;;;
;;;;;;;;;;;;;;;;;;;;;
;;;;;;;;;;;;;;;;;;;;;
;;;;;;;;;;;;;;;;;;;;;
;;;;;;;;;;;;;;;;;;;;;
;;;;;;;;;;;;;;;;;;;;;
;;;;;;;;;;;;;;;;;;;;;
;;;;;;;;;;;;;;;;;;;;;
;;;;;;;;;;;;;;;;;;;;;
;;;;;;;;;;;;;;;;;;;;;
;;;;;;;;;;;;;;;;;;;;;
;;;;;;;;;;;;;;;;;;;;;
;;;;;;;;;;;;;;;;;;;;;
;;;;;;;;;;;;;;;;;;;;;
;;;;;;;;;;;;;;;;;;;;;
;;;;;;;;;;;;;;;;;;;;;
;;;;;;;;;;;;;;;;;;;;;
;;;;;;;;;;;;;;;;;;;;;
;;;;;;;;;;;;;;;;;;;;;
;;;;;;;;;;;;;;;;;;;;;
;;;;;;;;;;;;;;;;;;;;;
;;;;;;;;;;;;;;;;;;;;;
;;;;;;;;;;;;;;;;;;;;;
;;;;;;;;;;;;;;;;;;;;;
;;;;;;;;;;;;;;;;;;;;;
;;;;;;;;;;;;;;;;;;;;;
;;;;;;;;;;;;;;;;;;;;;
;;;;;;;;;;;;;;;;;;;;;
;;;;;;;;;;;;;;;;;;;;;
;;;;;;;;;;;;;;;;;;;;;
;;;;;;;;;;;;;;;;;;;;;
;;;;;;;;;;;;;;;;;;;;;
;;;;;;;;;;;;;;;;;;;;;
;;;;;;;;;;;;;;;;;;;;;
;;;;;;;;;;;;;;;;;;;;;
;;;;;;;;;;;;;;;;;;;;;
;;;;;;;;;;;;;;;;;;;;;
;;;;;;;;;;;;;;;;;;;;;
;;;;;;;;;;;;;;;;;;;;;
;;;;;;;;;;;;;;;;;;;;;
;;;;;;;;;;;;;;;;;;;;;
;;;;;;;;;;;;;;;;;;;;;
;;;;;;;;;;;;;;;;;;;;;
;;;;;;;;;;;;;;;;;;;;;
;;;;;;;;;;;;;;;;;;;;;
;;;;;;;;;;;;;;;;;;;;;
;;;;;;;;;;;;;;;;;;;;;
;;;;;;;;;;;;;;;;;;;;;
;;;;;;;;;;;;;;;;;;;;;
;;;;;;;;;;;;;;;;;;;;;
;;;;;;;;;;;;;;;;;;;;;
;;;;;;;;;;;;;;;;;;;;;
;;;;;;;;;;;;;;;;;;;;;
;;;;;;;;;;;;;;;;;;;;;
;;;;;;;;;;;;;;;;;;;;;
;;;;;;;;;;;;;;;;;;;;;
;;;;;;;;;;;;;;;;;;;;;
;;;;;;;;;;;;;;;;;;;;;
;;;;;;;;;;;;;;;;;;;;;
;;;;;;;;;;;;;;;;;;;;;
;;;;;;;;;;;;;;;;;;;;;
;;;;;;;;;;;;;;;;;;;;;
;;;;;;;;;;;;;;;;;;;;;
;;;;;;;;;;;;;;;;;;;;;
;;;;;;;;;;;;;;;;;;;;;
;;;;;;;;;;;;;;;;;;;;;
;;;;;;;;;;;;;;;;;;;;;
;;;;;;;;;;;;;;;;;;;;;
;;;;;;;;;;;;;;;;;;;;;
;;;;;;;;;;;;;;;;;;;;;
;;;;;;;;;;;;;;;;;;;;;
;;;;;;;;;;;;;;;;;;;;;
;;;;;;;;;;;;;;;;;;;;;
;;;;;;;;;;;;;;;;;;;;;
;;;;;;;;;;;;;;;;;;;;;
;;;;;;;;;;;;;;;;;;;;;
;;;;;;;;;;;;;;;;;;;;;
;;;;;;;;;;;;;;;;;;;;;
;;;;;;;;;;;;;;;;;;;;;
;;;;;;;;;;;;;;;;;;;;;
;;;;;;;;;;;;;;;;;;;;;
;;;;;;;;;;;;;;;;;;;;;
;;;;;;;;;;;;;;;;;;;;;
;;;;;;;;;;;;;;;;;;;;;
;;;;;;;;;;;;;;;;;;;;;
;;;;;;;;;;;;;;;;;;;;;
;;;;;;;;;;;;;;;;;;;;;
;;;;;;;;;;;;;;;;;;;;;
;;;;;;;;;;;;;;;;;;;;;
;;;;;;;;;;;;;;;;;;;;;
;;;;;;;;;;;;;;;;;;;;;
;;;;;;;;;;;;;;;;;;;;;
;;;;;;;;;;;;;;;;;;;;;
;;;;;;;;;;;;;;;;;;;;;
;;;;;;;;;;;;;;;;;;;;;
;;;;;;;;;;;;;;;;;;;;;
;;;;;;;;;;;;;;;;;;;;;
;;;;;;;;;;;;;;;;;;;;;
;;;;;;;;;;;;;;;;;;;;;
;;;;;;;;;;;;;;;;;;;;;
;;;;;;;;;;;;;;;;;;;;;
;;;;;;;;;;;;;;;;;;;;;
;;;;;;;;;;;;;;;;;;;;;
;;;;;;;;;;;;;;;;;;;;;
;;;;;;;;;;;;;;;;;;;;;
;;;;;;;;;;;;;;;;;;;;;
;;;;;;;;;;;;;;;;;;;;;
;;;;;;;;;;;;;;;;;;;;;
;;;;;;;;;;;;;;;;;;;;;
;;;;;;;;;;;;;;;;;;;;;
;;;;;;;;;;;;;;;;;;;;;
;;;;;;;;;;;;;;;;;;;;;
;;;;;;;;;;;;;;;;;;;;;
;;;;;;;;;;;;;;;;;;;;;
;;;;;;;;;;;;;;;;;;;;;
;;;;;;;;;;;;;;;;;;;;;
;;;;;;;;;;;;;;;;;;;;;
;;;;;;;;;;;;;;;;;;;;;
;;;;;;;;;;;;;;;;;;;;;
;;;;;;;;;;;;;;;;;;;;;
;;;;;;;;;;;;;;;;;;;;;
;;;;;;;;;;;;;;;;;;;;;
;;;;;;;;;;;;;;;;;;;;;
;;;;;;;;;;;;;;;;;;;;;
;;;;;;;;;;;;;;;;;;;;;
;;;;;;;;;;;;;;;;;;;;;
;;;;;;;;;;;;;;;;;;;;;
;;;;;;;;;;;;;;;;;;;;;
;;;;;;;;;;;;;;;;;;;;;
;;;;;;;;;;;;;;;;;;;;;
;;;;;;;;;;;;;;;;;;;;;
;;;;;;;;;;;;;;;;;;;;;
;;;;;;;;;;;;;;;;;;;;;
;;;;;;;;;;;;;;;;;;;;;
;;;;;;;;;;;;;;;;;;;;;
;;;;;;;;;;;;;;;;;;;;;
;;;;;;;;;;;;;;;;;;;;;
;;;;;;;;;;;;;;;;;;;;;
;;;;;;;;;;;;;;;;;;;;;
;;;;;;;;;;;;;;;;;;;;;
;;;;;;;;;;;;;;;;;;;;;
;;;;;;;;;;;;;;;;;;;;;
;;;;;;;;;;;;;;;;;;;;;
;;;;;;;;;;;;;;;;;;;;;
;;;;;;;;;;;;;;;;;;;;;
;;;;;;;;;;;;;;;;;;;;;
;;;;;;;;;;;;;;;;;;;;;
;;;;;;;;;;;;;;;;;;;;;
;;;;;;;;;;;;;;;;;;;;;
;;;;;;;;;;;;;;;;;;;;;
;;;;;;;;;;;;;;;;;;;;;
;;;;;;;;;;;;;;;;;;;;;
;;;;;;;;;;;;;;;;;;;;;
;;;;;;;;;;;;;;;;;;;;;
;;;;;;;;;;;;;;;;;;;;;
;;;;;;;;;;;;;;;;;;;;;
;;;;;;;;;;;;;;;;;;;;;
;;;;;;;;;;;;;;;;;;;;;
;;;;;;;;;;;;;;;;;;;;;
;;;;;;;;;;;;;;;;;;;;;
;;;;;;;;;;;;;;;;;;;;;
;;;;;;;;;;;;;;;;;;;;;
;;;;;;;;;;;;;;;;;;;;;
;;;;;;;;;;;;;;;;;;;;;
;;;;;;;;;;;;;;;;;;;;;
;;;;;;;;;;;;;;;;;;;;;
;;;;;;;;;;;;;;;;;;;;;
;;;;;;;;;;;;;;;;;;;;;
;;;;;;;;;;;;;;;;;;;;;
;;;;;;;;;;;;;;;;;;;;;
;;;;;;;;;;;;;;;;;;;;;
;;;;;;;;;;;;;;;;;;;;;
;;;;;;;;;;;;;;;;;;;;;
;;;;;;;;;;;;;;;;;;;;;
;;;;;;;;;;;;;;;;;;;;;
;;;;;;;;;;;;;;;;;;;;;
;;;;;;;;;;;;;;;;;;;;;
;;;;;;;;;;;;;;;;;;;;;
;;;;;;;;;;;;;;;;;;;;;
;;;;;;;;;;;;;;;;;;;;;
;;;;;;;;;;;;;;;;;;;;;
;;;;;;;;;;;;;;;;;;;;;
;;;;;;;;;;;;;;;;;;;;;
;;;;;;;;;;;;;;;;;;;;;
;;;;;;;;;;;;;;;;;;;;;
;;;;;;;;;;;;;;;;;;;;;
;;;;;;;;;;;;;;;;;;;;;
;;;;;;;;;;;;;;;;;;;;;
;;;;;;;;;;;;;;;;;;;;;
;;;;;;;;;;;;;;;;;;;;;
;;;;;;;;;;;;;;;;;;;;;
;;;;;;;;;;;;;;;;;;;;;
;;;;;;;;;;;;;;;;;;;;;
;;;;;;;;;;;;;;;;;;;;;
;;;;;;;;;;;;;;;;;;;;;
;;;;;;;;;;;;;;;;;;;;;
;;;;;;;;;;;;;;;;;;;;;
;;;;;;;;;;;;;;;;;;;;;
;;;;;;;;;;;;;;;;;;;;;
;;;;;;;;;;;;;;;;;;;;;
;;;;;;;;;;;;;;;;;;;;;
;;;;;;;;;;;;;;;;;;;;;
;;;;;;;;;;;;;;;;;;;;;
;;;;;;;;;;;;;;;;;;;;;
;;;;;;;;;;;;;;;;;;;;;
;;;;;;;;;;;;;;;;;;;;;
;;;;;;;;;;;;;;;;;;;;;
;;;;;;;;;;;;;;;;;;;;;
;;;;;;;;;;;;;;;;;;;;;
;;;;;;;;;;;;;;;;;;;;;
;;;;;;;;;;;;;;;;;;;;;
;;;;;;;;;;;;;;;;;;;;;
;;;;;;;;;;;;;;;;;;;;;
;;;;;;;;;;;;;;;;;;;;;
;;;;;;;;;;;;;;;;;;;;;
;;;;;;;;;;;;;;;;;;;;;
;;;;;;;;;;;;;;;;;;;;;
;;;;;;;;;;;;;;;;;;;;;
;;;;;;;;;;;;;;;;;;;;;
;;;;;;;;;;;;;;;;;;;;;
;;;;;;;;;;;;;;;;;;;;;
;;;;;;;;;;;;;;;;;;;;;
;;;;;;;;;;;;;;;;;;;;;
;;;;;;;;;;;;;;;;;;;;;
;;;;;;;;;;;;;;;;;;;;;
;;;;;;;;;;;;;;;;;;;;;
;;;;;;;;;;;;;;;;;;;;;
;;;;;;;;;;;;;;;;;;;;;
;;;;;;;;;;;;;;;;;;;;;
;;;;;;;;;;;;;;;;;;;;;
;;;;;;;;;;;;;;;;;;;;;
;;;;;;;;;;;;;;;;;;;;;
;;;;;;;;;;;;;;;;;;;;;
;;;;;;;;;;;;;;;;;;;;;
;;;;;;;;;;;;;;;;;;;;;
;;;;;;;;;;;;;;;;;;;;;
;;;;;;;;;;;;;;;;;;;;;
;;;;;;;;;;;;;;;;;;;;;
;;;;;;;;;;;;;;;;;;;;;
;;;;;;;;;;;;;;;;;;;;;
;;;;;;;;;;;;;;;;;;;;;
;;;;;;;;;;;;;;;;;;;;;
;;;;;;;;;;;;;;;;;;;;;
;;;;;;;;;;;;;;;;;;;;;
;;;;;;;;;;;;;;;;;;;;;
;;;;;;;;;;;;;;;;;;;;;
;;;;;;;;;;;;;;;;;;;;;
;;;;;;;;;;;;;;;;;;;;;
;;;;;;;;;;;;;;;;;;;;;
;;;;;;;;;;;;;;;;;;;;;
;;;;;;;;;;;;;;;;;;;;;
;;;;;;;;;;;;;;;;;;;;;
;;;;;;;;;;;;;;;;;;;;;
;;;;;;;;;;;;;;;;;;;;;
;;;;;;;;;;;;;;;;;;;;;
;;;;;;;;;;;;;;;;;;;;;
;;;;;;;;;;;;;;;;;;;;;
;;;;;;;;;;;;;;;;;;;;;
;;;;;;;;;;;;;;;;;;;;;
;;;;;;;;;;;;;;;;;;;;;
;;;;;;;;;;;;;;;;;;;;;
;;;;;;;;;;;;;;;;;;;;;
;;;;;;;;;;;;;;;;;;;;;
;;;;;;;;;;;;;;;;;;;;;
;;;;;;;;;;;;;;;;;;;;;
;;;;;;;;;;;;;;;;;;;;;
;;;;;;;;;;;;;;;;;;;;;
;;;;;;;;;;;;;;;;;;;;;
;;;;;;;;;;;;;;;;;;;;;
;;;;;;;;;;;;;;;;;;;;;
;;;;;;;;;;;;;;;;;;;;;
;;;;;;;;;;;;;;;;;;;;;
;;;;;;;;;;;;;;;;;;;;;
;;;;;;;;;;;;;;;;;;;;;
;;;;;;;;;;;;;;;;;;;;;
;;;;;;;;;;;;;;;;;;;;;
;;;;;;;;;;;;;;;;;;;;;
;;;;;;;;;;;;;;;;;;;;;
;;;;;;;;;;;;;;;;;;;;;
;;;;;;;;;;;;;;;;;;;;;
;;;;;;;;;;;;;;;;;;;;;
;;;;;;;;;;;;;;;;;;;;;
;;;;;;;;;;;;;;;;;;;;;
;;;;;;;;;;;;;;;;;;;;;
;;;;;;;;;;;;;;;;;;;;;
;;;;;;;;;;;;;;;;;;;;;
;;;;;;;;;;;;;;;;;;;;;
;;;;;;;;;;;;;;;;;;;;;
;;;;;;;;;;;;;;;;;;;;;
;;;;;;;;;;;;;;;;;;;;;
;;;;;;;;;;;;;;;;;;;;;
;;;;;;;;;;;;;;;;;;;;;
;;;;;;;;;;;;;;;;;;;;;
;;;;;;;;;;;;;;;;;;;;;
;;;;;;;;;;;;;;;;;;;;;
;;;;;;;;;;;;;;;;;;;;;
;;;;;;;;;;;;;;;;;;;;;
;;;;;;;;;;;;;;;;;;;;;
;;;;;;;;;;;;;;;;;;;;;
;;;;;;;;;;;;;;;;;;;;;
;;;;;;;;;;;;;;;;;;;;;
;;;;;;;;;;;;;;;;;;;;;
;;;;;;;;;;;;;;;;;;;;;
;;;;;;;;;;;;;;;;;;;;;
;;;;;;;;;;;;;;;;;;;;;
;;;;;;;;;;;;;;;;;;;;;
;;;;;;;;;;;;;;;;;;;;;
;;;;;;;;;;;;;;;;;;;;;
;;;;;;;;;;;;;;;;;;;;;
;;;;;;;;;;;;;;;;;;;;;
;;;;;;;;;;;;;;;;;;;;;
;;;;;;;;;;;;;;;;;;;;;
;;;;;;;;;;;;;;;;;;;;;
;;;;;;;;;;;;;;;;;;;;;
;;;;;;;;;;;;;;;;;;;;;
;;;;;;;;;;;;;;;;;;;;;
;;;;;;;;;;;;;;;;;;;;;
;;;;;;;;;;;;;;;;;;;;;
;;;;;;;;;;;;;;;;;;;;;
;;;;;;;;;;;;;;;;;;;;;
;;;;;;;;;;;;;;;;;;;;;
;;;;;;;;;;;;;;;;;;;;;
;;;;;;;;;;;;;;;;;;;;;
;;;;;;;;;;;;;;;;;;;;;
;;;;;;;;;;;;;;;;;;;;;
;;;;;;;;;;;;;;;;;;;;;
;;;;;;;;;;;;;;;;;;;;;
;;;;;;;;;;;;;;;;;;;;;
;;;;;;;;;;;;;;;;;;;;;
;;;;;;;;;;;;;;;;;;;;;
;;;;;;;;;;;;;;;;;;;;;
;;;;;;;;;;;;;;;;;;;;;
;;;;;;;;;;;;;;;;;;;;;
;;;;;;;;;;;;;;;;;;;;;
;;;;;;;;;;;;;;;;;;;;;
;;;;;;;;;;;;;;;;;;;;;
;;;;;;;;;;;;;;;;;;;;;
;;;;;;;;;;;;;;;;;;;;;
;;;;;;;;;;;;;;;;;;;;;
;;;;;;;;;;;;;;;;;;;;;
;;;;;;;;;;;;;;;;;;;;;
;;;;;;;;;;;;;;;;;;;;;
;;;;;;;;;;;;;;;;;;;;;
;;;;;;;;;;;;;;;;;;;;;
;;;;;;;;;;;;;;;;;;;;;
;;;;;;;;;;;;;;;;;;;;;
;;;;;;;;;;;;;;;;;;;;;
;;;;;;;;;;;;;;;;;;;;;
;;;;;;;;;;;;;;;;;;;;;
;;;;;;;;;;;;;;;;;;;;;
;;;;;;;;;;;;;;;;;;;;;
;;;;;;;;;;;;;;;;;;;;;
;;;;;;;;;;;;;;;;;;;;;
;;;;;;;;;;;;;;;;;;;;;
;;;;;;;;;;;;;;;;;;;;;
;;;;;;;;;;;;;;;;;;;;;
;;;;;;;;;;;;;;;;;;;;;
;;;;;;;;;;;;;;;;;;;;;
;;;;;;;;;;;;;;;;;;;;;
;;;;;;;;;;;;;;;;;;;;;
;;;;;;;;;;;;;;;;;;;;;
;;;;;;;;;;;;;;;;;;;;;
;;;;;;;;;;;;;;;;;;;;;
;;;;;;;;;;;;;;;;;;;;;
;;;;;;;;;;;;;;;;;;;;;
;;;;;;;;;;;;;;;;;;;;;
;;;;;;;;;;;;;;;;;;;;;
;;;;;;;;;;;;;;;;;;;;;
;;;;;;;;;;;;;;;;;;;;;
;;;;;;;;;;;;;;;;;;;;;
;;;;;;;;;;;;;;;;;;;;;
;;;;;;;;;;;;;;;;;;;;;
;;;;;;;;;;;;;;;;;;;;;
;;;;;;;;;;;;;;;;;;;;;
;;;;;;;;;;;;;;;;;;;;;
;;;;;;;;;;;;;;;;;;;;;
;;;;;;;;;;;;;;;;;;;;;
;;;;;;;;;;;;;;;;;;;;;
;;;;;;;;;;;;;;;;;;;;;
;;;;;;;;;;;;;;;;;;;;;
;;;;;;;;;;;;;;;;;;;;;
;;;;;;;;;;;;;;;;;;;;;
;;;;;;;;;;;;;;;;;;;;;
;;;;;;;;;;;;;;;;;;;;;
;;;;;;;;;;;;;;;;;;;;;
;;;;;;;;;;;;;;;;;;;;;
;;;;;;;;;;;;;;;;;;;;;
;;;;;;;;;;;;;;;;;;;;;
;;;;;;;;;;;;;;;;;;;;;
;;;;;;;;;;;;;;;;;;;;;
;;;;;;;;;;;;;;;;;;;;;
;;;;;;;;;;;;;;;;;;;;;
;;;;;;;;;;;;;;;;;;;;;
;;;;;;;;;;;;;;;;;;;;;
;;;;;;;;;;;;;;;;;;;;;
;;;;;;;;;;;;;;;;;;;;;
;;;;;;;;;;;;;;;;;;;;;
;;;;;;;;;;;;;;;;;;;;;
;;;;;;;;;;;;;;;;;;;;;
;;;;;;;;;;;;;;;;;;;;;
;;;;;;;;;;;;;;;;;;;;;
;;;;;;;;;;;;;;;;;;;;;
;;;;;;;;;;;;;;;;;;;;;
;;;;;;;;;;;;;;;;;;;;;
;;;;;;;;;;;;;;;;;;;;;
;;;;;;;;;;;;;;;;;;;;;
;;;;;;;;;;;;;;;;;;;;;
;;;;;;;;;;;;;;;;;;;;;
;;;;;;;;;;;;;;;;;;;;;
;;;;;;;;;;;;;;;;;;;;;
;;;;;;;;;;;;;;;;;;;;;
;;;;;;;;;;;;;;;;;;;;;
;;;;;;;;;;;;;;;;;;;;;
;;;;;;;;;;;;;;;;;;;;;
;;;;;;;;;;;;;;;;;;;;;
;;;;;;;;;;;;;;;;;;;;;
;;;;;;;;;;;;;;;;;;;;;
;;;;;;;;;;;;;;;;;;;;;
;;;;;;;;;;;;;;;;;;;;;
;;;;;;;;;;;;;;;;;;;;;
;;;;;;;;;;;;;;;;;;;;;
;;;;;;;;;;;;;;;;;;;;;
;;;;;;;;;;;;;;;;;;;;;
;;;;;;;;;;;;;;;;;;;;;
;;;;;;;;;;;;;;;;;;;;;
;;;;;;;;;;;;;;;;;;;;;
;;;;;;;;;;;;;;;;;;;;;
;;;;;;;;;;;;;;;;;;;;;
;;;;;;;;;;;;;;;;;;;;;
;;;;;;;;;;;;;;;;;;;;;
;;;;;;;;;;;;;;;;;;;;;
;;;;;;;;;;;;;;;;;;;;;
;;;;;;;;;;;;;;;;;;;;;
;;;;;;;;;;;;;;;;;;;;;
;;;;;;;;;;;;;;;;;;;;;
;;;;;;;;;;;;;;;;;;;;;
;;;;;;;;;;;;;;;;;;;;;
;;;;;;;;;;;;;;;;;;;;;
;;;;;;;;;;;;;;;;;;;;;
;;;;;;;;;;;;;;;;;;;;;
;;;;;;;;;;;;;;;;;;;;;
;;;;;;;;;;;;;;;;;;;;;
;;;;;;;;;;;;;;;;;;;;;
;;;;;;;;;;;;;;;;;;;;;
;;;;;;;;;;;;;;;;;;;;;
;;;;;;;;;;;;;;;;;;;;;
;;;;;;;;;;;;;;;;;;;;;
;;;;;;;;;;;;;;;;;;;;;
;;;;;;;;;;;;;;;;;;;;;
;;;;;;;;;;;;;;;;;;;;;
;;;;;;;;;;;;;;;;;;;;;
;;;;;;;;;;;;;;;;;;;;;
;;;;;;;;;;;;;;;;;;;;;
;;;;;;;;;;;;;;;;;;;;;
;;;;;;;;;;;;;;;;;;;;;
;;;;;;;;;;;;;;;;;;;;;
;;;;;;;;;;;;;;;;;;;;;
;;;;;;;;;;;;;;;;;;;;;
;;;;;;;;;;;;;;;;;;;;;
;;;;;;;;;;;;;;;;;;;;;
;;;;;;;;;;;;;;;;;;;;;
;;;;;;;;;;;;;;;;;;;;;
;;;;;;;;;;;;;;;;;;;;;
;;;;;;;;;;;;;;;;;;;;;
;;;;;;;;;;;;;;;;;;;;;
;;;;;;;;;;;;;;;;;;;;;
;;;;;;;;;;;;;;;;;;;;;
;;;;;;;;;;;;;;;;;;;;;
;;;;;;;;;;;;;;;;;;;;;
;;;;;;;;;;;;;;;;;;;;;
;;;;;;;;;;;;;;;;;;;;;
;;;;;;;;;;;;;;;;;;;;;
;;;;;;;;;;;;;;;;;;;;;
;;;;;;;;;;;;;;;;;;;;;
;;;;;;;;;;;;;;;;;;;;;
;;;;;;;;;;;;;;;;;;;;;
;;;;;;;;;;;;;;;;;;;;;
;;;;;;;;;;;;;;;;;;;;;
;;;;;;;;;;;;;;;;;;;;;
;;;;;;;;;;;;;;;;;;;;;
;;;;;;;;;;;;;;;;;;;;;
;;;;;;;;;;;;;;;;;;;;;
;;;;;;;;;;;;;;;;;;;;;
;;;;;;;;;;;;;;;;;;;;;
;;;;;;;;;;;;;;;;;;;;;
;;;;;;;;;;;;;;;;;;;;;
;;;;;;;;;;;;;;;;;;;;;
;;;;;;;;;;;;;;;;;;;;;
;;;;;;;;;;;;;;;;;;;;;
;;;;;;;;;;;;;;;;;;;;;
;;;;;;;;;;;;;;;;;;;;;
;;;;;;;;;;;;;;;;;;;;;
;;;;;;;;;;;;;;;;;;;;;
;;;;;;;;;;;;;;;;;;;;;
;;;;;;;;;;;;;;;;;;;;;
;;;;;;;;;;;;;;;;;;;;;
;;;;;;;;;;;;;;;;;;;;;
;;;;;;;;;;;;;;;;;;;;;
;;;;;;;;;;;;;;;;;;;;;
;;;;;;;;;;;;;;;;;;;;;
;;;;;;;;;;;;;;;;;;;;;
;;;;;;;;;;;;;;;;;;;;;
;;;;;;;;;;;;;;;;;;;;;
;;;;;;;;;;;;;;;;;;;;;
;;;;;;;;;;;;;;;;;;;;;
;;;;;;;;;;;;;;;;;;;;;
;;;;;;;;;;;;;;;;;;;;;
;;;;;;;;;;;;;;;;;;;;;
;;;;;;;;;;;;;;;;;;;;;
;;;;;;;;;;;;;;;;;;;;;
;;;;;;;;;;;;;;;;;;;;;
;;;;;;;;;;;;;;;;;;;;;
;;;;;;;;;;;;;;;;;;;;;
;;;;;;;;;;;;;;;;;;;;;
;;;;;;;;;;;;;;;;;;;;;
;;;;;;;;;;;;;;;;;;;;;
;;;;;;;;;;;;;;;;;;;;;
;;;;;;;;;;;;;;;;;;;;;
;;;;;;;;;;;;;;;;;;;;;
;;;;;;;;;;;;;;;;;;;;;
;;;;;;;;;;;;;;;;;;;;;
;;;;;;;;;;;;;;;;;;;;;
;;;;;;;;;;;;;;;;;;;;;
;;;;;;;;;;;;;;;;;;;;;
;;;;;;;;;;;;;;;;;;;;;
;;;;;;;;;;;;;;;;;;;;;
;;;;;;;;;;;;;;;;;;;;;
;;;;;;;;;;;;;;;;;;;;;
;;;;;;;;;;;;;;;;;;;;;
;;;;;;;;;;;;;;;;;;;;;
;;;;;;;;;;;;;;;;;;;;;
;;;;;;;;;;;;;;;;;;;;;
;;;;;;;;;;;;;;;;;;;;;
;;;;;;;;;;;;;;;;;;;;;
;;;;;;;;;;;;;;;;;;;;;
;;;;;;;;;;;;;;;;;;;;;
;;;;;;;;;;;;;;;;;;;;;
;;;;;;;;;;;;;;;;;;;;;
;;;;;;;;;;;;;;;;;;;;;
;;;;;;;;;;;;;;;;;;;;;
;;;;;;;;;;;;;;;;;;;;;
;;;;;;;;;;;;;;;;;;;;;
;;;;;;;;;;;;;;;;;;;;;
;;;;;;;;;;;;;;;;;;;;;
;;;;;;;;;;;;;;;;;;;;;
;;;;;;;;;;;;;;;;;;;;;
